Name,Structure,DataType,Shape,Size
AwakeEventData,Group,,,
AIRTR01,Group,,,
Acq,Group,,,
numericPosition,Dataset,float32,"(1,)",1.0
AIRTR02,Group,,,
Acq,Group,,,
numericPosition,Dataset,float32,"(1,)",1.0
AWAKEInjPhaseShifter,Group,,,
PhaseReadback,Group,,,
phaseACurrentValue,Dataset,float32,"(1,)",1.0
BLMITT41,Group,,,
Acquisition,Group,,,
acqDesc,Dataset,|S1,"(1,)",1.0
acqMsg,Dataset,|S1,"(1,)",1.0
acqState,Dataset,int32,"(1,)",1.0
acqTime,Dataset,int32,"(1,)",1.0
alarmStatus,Dataset,int16,"(40,)",40.0
blrSignalStatus,Dataset,int16,"(40,)",40.0
calLosses,Dataset,float32,"(40,)",40.0
calLosses_unit,Dataset,|S4,"(1,)",1.0
calLosses_unitExponent,Dataset,int32,"(1,)",1.0
calThresholds,Dataset,float32,"(40,)",40.0
channelNames,Dataset,|S15,"(15,)",15.0
deviceName,Dataset,|S5,"(1,)",1.0
enableExtFlagBIC,Dataset,int32,"(2,)",2.0
measStamp,Dataset,int32,"(1,)",1.0
nbOfChannels,Dataset,int32,"(1,)",1.0
nbOfMeas,Dataset,int32,"(1,)",1.0
normLosses,Dataset,float32,"(40,)",40.0
observables,Dataset,int32,"(1,)",1.0
rawLosses,Dataset,int16,"(40,)",40.0
superCycleNb,Dataset,int32,"(1,)",1.0
totalGains,Dataset,int32,"(5,)",5.0
BOVWA.01TCC4.AWAKECAM01,Group,,,
ExtractionImage,Group,,,
beamIntensity,Dataset,float64,"(1,)",1.0
beamSize,Dataset,float64,"(1,)",1.0
cogX,Dataset,float64,"(1,)",1.0
cogY,Dataset,float64,"(1,)",1.0
height,Dataset,int32,"(1,)",1.0
horProjAmp,Dataset,float64,"(1,)",1.0
horProjAvg,Dataset,float64,"(1,)",1.0
horProjSigma,Dataset,float64,"(1,)",1.0
horProjection,Dataset,float64,"(2048,)",2048.0
imageRawData,Dataset,int16,"(1080, 2048)",2211840.0
imageTimeStamp,Dataset,int64,"(1,)",1.0
intensityAvg,Dataset,float64,"(1,)",1.0
intensityHistogram,Dataset,int32,"(1000,)",1000.0
intensityRMS,Dataset,float64,"(1,)",1.0
intensitySigma,Dataset,float64,"(1,)",1.0
pixelSize,Dataset,float64,"(1,)",1.0
verProjAmp,Dataset,float64,"(1,)",1.0
verProjAvg,Dataset,float64,"(1,)",1.0
verProjSigma,Dataset,float64,"(1,)",1.0
verProjection,Dataset,float64,"(1080,)",1080.0
width,Dataset,int32,"(1,)",1.0
PublishedSettings,Group,,,
delayTime,Dataset,float64,"(1,)",1.0
exposureTime,Dataset,float64,"(1,)",1.0
gain,Dataset,int64,"(1,)",1.0
triggerMode,Dataset,|S2,"(1,)",1.0
BOVWA.01TCV4.CAM8,Group,,,
ExtractionImage,Group,,,
beamIntensity,Dataset,float64,"(1,)",1.0
beamSize,Dataset,float64,"(1,)",1.0
cogX,Dataset,float64,"(1,)",1.0
cogY,Dataset,float64,"(1,)",1.0
height,Dataset,int32,"(1,)",1.0
horProjAmp,Dataset,float64,"(1,)",1.0
horProjAvg,Dataset,float64,"(1,)",1.0
horProjSigma,Dataset,float64,"(1,)",1.0
horProjection,Dataset,float64,"(2592,)",2592.0
imageRawData,Dataset,int16,"(2048, 2592)",5308416.0
imageTimeStamp,Dataset,int64,"(1,)",1.0
intensityAvg,Dataset,float64,"(1,)",1.0
intensityHistogram,Dataset,int32,"(1000,)",1000.0
intensityRMS,Dataset,float64,"(1,)",1.0
intensitySigma,Dataset,float64,"(1,)",1.0
pixelSize,Dataset,float64,"(1,)",1.0
verProjAmp,Dataset,float64,"(1,)",1.0
verProjAvg,Dataset,float64,"(1,)",1.0
verProjSigma,Dataset,float64,"(1,)",1.0
verProjection,Dataset,float64,"(2048,)",2048.0
width,Dataset,int32,"(1,)",1.0
PublishedSettings,Group,,,
delayTime,Dataset,float64,"(1,)",1.0
exposureTime,Dataset,float64,"(1,)",1.0
gain,Dataset,int64,"(1,)",1.0
triggerMode,Dataset,|S2,"(1,)",1.0
BOVWA.02TCC4.AWAKECAM02,Group,,,
ExtractionImage,Group,,,
beamIntensity,Dataset,float64,"(1,)",1.0
beamSize,Dataset,float64,"(1,)",1.0
cogX,Dataset,float64,"(1,)",1.0
cogY,Dataset,float64,"(1,)",1.0
height,Dataset,int32,"(1,)",1.0
horProjAmp,Dataset,float64,"(1,)",1.0
horProjAvg,Dataset,float64,"(1,)",1.0
horProjSigma,Dataset,float64,"(1,)",1.0
horProjection,Dataset,float64,"(1280,)",1280.0
imageRawData,Dataset,int16,"(960, 1280)",1228800.0
imageTimeStamp,Dataset,int64,"(1,)",1.0
intensityAvg,Dataset,float64,"(1,)",1.0
intensityHistogram,Dataset,int32,"(1000,)",1000.0
intensityRMS,Dataset,float64,"(1,)",1.0
intensitySigma,Dataset,float64,"(1,)",1.0
pixelSize,Dataset,float64,"(1,)",1.0
verProjAmp,Dataset,float64,"(1,)",1.0
verProjAvg,Dataset,float64,"(1,)",1.0
verProjSigma,Dataset,float64,"(1,)",1.0
verProjection,Dataset,float64,"(960,)",960.0
width,Dataset,int32,"(1,)",1.0
PublishedSettings,Group,,,
delayTime,Dataset,float64,"(1,)",1.0
exposureTime,Dataset,float64,"(1,)",1.0
gain,Dataset,int64,"(1,)",1.0
triggerMode,Dataset,|S2,"(1,)",1.0
BOVWA.02TSG40.CAM7,Group,,,
ExtractionImage,Group,,,
beamIntensity,Dataset,float64,"(1,)",1.0
beamSize,Dataset,float64,"(1,)",1.0
cogX,Dataset,float64,"(1,)",1.0
cogY,Dataset,float64,"(1,)",1.0
height,Dataset,int32,"(1,)",1.0
horProjAmp,Dataset,float64,"(1,)",1.0
horProjAvg,Dataset,float64,"(1,)",1.0
horProjSigma,Dataset,float64,"(1,)",1.0
horProjection,Dataset,float64,"(1920,)",1920.0
imageRawData,Dataset,int16,"(1200, 1920)",2304000.0
imageTimeStamp,Dataset,int64,"(1,)",1.0
intensityAvg,Dataset,float64,"(1,)",1.0
intensityHistogram,Dataset,int32,"(1000,)",1000.0
intensityRMS,Dataset,float64,"(1,)",1.0
intensitySigma,Dataset,float64,"(1,)",1.0
pixelSize,Dataset,float64,"(1,)",1.0
verProjAmp,Dataset,float64,"(1,)",1.0
verProjAvg,Dataset,float64,"(1,)",1.0
verProjSigma,Dataset,float64,"(1,)",1.0
verProjection,Dataset,float64,"(1200,)",1200.0
width,Dataset,int32,"(1,)",1.0
PublishedSettings,Group,,,
delayTime,Dataset,float64,"(1,)",1.0
exposureTime,Dataset,float64,"(1,)",1.0
gain,Dataset,int64,"(1,)",1.0
triggerMode,Dataset,|S2,"(1,)",1.0
BOVWA.03TT41.CAM3,Group,,,
ExtractionImage,Group,,,
beamIntensity,Dataset,float64,"(1,)",1.0
beamSize,Dataset,float64,"(1,)",1.0
cogX,Dataset,float64,"(1,)",1.0
cogY,Dataset,float64,"(1,)",1.0
height,Dataset,int32,"(1,)",1.0
horProjAmp,Dataset,float64,"(1,)",1.0
horProjAvg,Dataset,float64,"(1,)",1.0
horProjSigma,Dataset,float64,"(1,)",1.0
horProjection,Dataset,float64,"(1920,)",1920.0
imageRawData,Dataset,int16,"(1200, 1920)",2304000.0
imageTimeStamp,Dataset,int64,"(1,)",1.0
intensityAvg,Dataset,float64,"(1,)",1.0
intensityHistogram,Dataset,int32,"(1000,)",1000.0
intensityRMS,Dataset,float64,"(1,)",1.0
intensitySigma,Dataset,float64,"(1,)",1.0
pixelSize,Dataset,float64,"(1,)",1.0
verProjAmp,Dataset,float64,"(1,)",1.0
verProjAvg,Dataset,float64,"(1,)",1.0
verProjSigma,Dataset,float64,"(1,)",1.0
verProjection,Dataset,float64,"(1200,)",1200.0
width,Dataset,int32,"(1,)",1.0
PublishedSettings,Group,,,
delayTime,Dataset,float64,"(1,)",1.0
exposureTime,Dataset,float64,"(1,)",1.0
gain,Dataset,int64,"(1,)",1.0
triggerMode,Dataset,|S2,"(1,)",1.0
BOVWA.04TCC4.AWAKECAM04,Group,,,
ExtractionImage,Group,,,
beamIntensity,Dataset,float64,"(1,)",1.0
beamSize,Dataset,float64,"(1,)",1.0
cogX,Dataset,float64,"(1,)",1.0
cogY,Dataset,float64,"(1,)",1.0
height,Dataset,int32,"(1,)",1.0
horProjAmp,Dataset,float64,"(1,)",1.0
horProjAvg,Dataset,float64,"(1,)",1.0
horProjSigma,Dataset,float64,"(1,)",1.0
horProjection,Dataset,float64,"(1600,)",1600.0
imageRawData,Dataset,int16,"(1200, 1600)",1920000.0
imageTimeStamp,Dataset,int64,"(1,)",1.0
intensityAvg,Dataset,float64,"(1,)",1.0
intensityHistogram,Dataset,int32,"(1000,)",1000.0
intensityRMS,Dataset,float64,"(1,)",1.0
intensitySigma,Dataset,float64,"(1,)",1.0
pixelSize,Dataset,float64,"(1,)",1.0
verProjAmp,Dataset,float64,"(1,)",1.0
verProjAvg,Dataset,float64,"(1,)",1.0
verProjSigma,Dataset,float64,"(1,)",1.0
verProjection,Dataset,float64,"(1200,)",1200.0
width,Dataset,int32,"(1,)",1.0
PublishedSettings,Group,,,
delayTime,Dataset,float64,"(1,)",1.0
exposureTime,Dataset,float64,"(1,)",1.0
gain,Dataset,int64,"(1,)",1.0
triggerMode,Dataset,|S2,"(1,)",1.0
BOVWA.04TT41.CAM4,Group,,,
ExtractionImage,Group,,,
beamIntensity,Dataset,float64,"(1,)",1.0
beamSize,Dataset,float64,"(1,)",1.0
cogX,Dataset,float64,"(1,)",1.0
cogY,Dataset,float64,"(1,)",1.0
height,Dataset,int32,"(1,)",1.0
horProjAmp,Dataset,float64,"(1,)",1.0
horProjAvg,Dataset,float64,"(1,)",1.0
horProjSigma,Dataset,float64,"(1,)",1.0
horProjection,Dataset,float64,"(1920,)",1920.0
imageRawData,Dataset,int16,"(1200, 1920)",2304000.0
imageTimeStamp,Dataset,int64,"(1,)",1.0
intensityAvg,Dataset,float64,"(1,)",1.0
intensityHistogram,Dataset,int32,"(1000,)",1000.0
intensityRMS,Dataset,float64,"(1,)",1.0
intensitySigma,Dataset,float64,"(1,)",1.0
pixelSize,Dataset,float64,"(1,)",1.0
verProjAmp,Dataset,float64,"(1,)",1.0
verProjAvg,Dataset,float64,"(1,)",1.0
verProjSigma,Dataset,float64,"(1,)",1.0
verProjection,Dataset,float64,"(1200,)",1200.0
width,Dataset,int32,"(1,)",1.0
PublishedSettings,Group,,,
delayTime,Dataset,float64,"(1,)",1.0
exposureTime,Dataset,float64,"(1,)",1.0
gain,Dataset,int64,"(1,)",1.0
triggerMode,Dataset,|S2,"(1,)",1.0
BOVWA.05TT41.CAM5,Group,,,
ExtractionImage,Group,,,
beamIntensity,Dataset,float64,"(1,)",1.0
beamSize,Dataset,float64,"(1,)",1.0
cogX,Dataset,float64,"(1,)",1.0
cogY,Dataset,float64,"(1,)",1.0
height,Dataset,int32,"(1,)",1.0
horProjAmp,Dataset,float64,"(1,)",1.0
horProjAvg,Dataset,float64,"(1,)",1.0
horProjSigma,Dataset,float64,"(1,)",1.0
horProjection,Dataset,float64,"(1920,)",1920.0
imageRawData,Dataset,int16,"(1200, 1920)",2304000.0
imageTimeStamp,Dataset,int64,"(1,)",1.0
intensityAvg,Dataset,float64,"(1,)",1.0
intensityHistogram,Dataset,int32,"(1000,)",1000.0
intensityRMS,Dataset,float64,"(1,)",1.0
intensitySigma,Dataset,float64,"(1,)",1.0
pixelSize,Dataset,float64,"(1,)",1.0
verProjAmp,Dataset,float64,"(1,)",1.0
verProjAvg,Dataset,float64,"(1,)",1.0
verProjSigma,Dataset,float64,"(1,)",1.0
verProjection,Dataset,float64,"(1200,)",1200.0
width,Dataset,int32,"(1,)",1.0
PublishedSettings,Group,,,
delayTime,Dataset,float64,"(1,)",1.0
exposureTime,Dataset,float64,"(1,)",1.0
gain,Dataset,int64,"(1,)",1.0
triggerMode,Dataset,|S2,"(1,)",1.0
BOVWA.06TCC4.AWAKECAM06,Group,,,
ExtractionImage,Group,,,
beamIntensity,Dataset,float64,"(1,)",1.0
beamSize,Dataset,float64,"(1,)",1.0
cogX,Dataset,float64,"(1,)",1.0
cogY,Dataset,float64,"(1,)",1.0
height,Dataset,int32,"(1,)",1.0
horProjAmp,Dataset,float64,"(1,)",1.0
horProjAvg,Dataset,float64,"(1,)",1.0
horProjSigma,Dataset,float64,"(1,)",1.0
horProjection,Dataset,float64,"(1600,)",1600.0
imageRawData,Dataset,int16,"(1200, 1600)",1920000.0
imageTimeStamp,Dataset,int64,"(1,)",1.0
intensityAvg,Dataset,float64,"(1,)",1.0
intensityHistogram,Dataset,int32,"(1000,)",1000.0
intensityRMS,Dataset,float64,"(1,)",1.0
intensitySigma,Dataset,float64,"(1,)",1.0
pixelSize,Dataset,float64,"(1,)",1.0
verProjAmp,Dataset,float64,"(1,)",1.0
verProjAvg,Dataset,float64,"(1,)",1.0
verProjSigma,Dataset,float64,"(1,)",1.0
verProjection,Dataset,float64,"(1200,)",1200.0
width,Dataset,int32,"(1,)",1.0
PublishedSettings,Group,,,
delayTime,Dataset,float64,"(1,)",1.0
exposureTime,Dataset,float64,"(1,)",1.0
gain,Dataset,int64,"(1,)",1.0
triggerMode,Dataset,|S2,"(1,)",1.0
BOVWA.07TCC4.AWAKECAM07,Group,,,
ExtractionImage,Group,,,
beamIntensity,Dataset,float64,"(1,)",1.0
beamSize,Dataset,float64,"(1,)",1.0
cogX,Dataset,float64,"(1,)",1.0
cogY,Dataset,float64,"(1,)",1.0
height,Dataset,int32,"(1,)",1.0
horProjAmp,Dataset,float64,"(1,)",1.0
horProjAvg,Dataset,float64,"(1,)",1.0
horProjSigma,Dataset,float64,"(1,)",1.0
horProjection,Dataset,float64,"(1600,)",1600.0
imageRawData,Dataset,int16,"(1200, 1600)",1920000.0
imageTimeStamp,Dataset,int64,"(1,)",1.0
intensityAvg,Dataset,float64,"(1,)",1.0
intensityHistogram,Dataset,int32,"(1000,)",1000.0
intensityRMS,Dataset,float64,"(1,)",1.0
intensitySigma,Dataset,float64,"(1,)",1.0
pixelSize,Dataset,float64,"(1,)",1.0
verProjAmp,Dataset,float64,"(1,)",1.0
verProjAvg,Dataset,float64,"(1,)",1.0
verProjSigma,Dataset,float64,"(1,)",1.0
verProjection,Dataset,float64,"(1200,)",1200.0
width,Dataset,int32,"(1,)",1.0
PublishedSettings,Group,,,
delayTime,Dataset,float64,"(1,)",1.0
exposureTime,Dataset,float64,"(1,)",1.0
gain,Dataset,int64,"(1,)",1.0
triggerMode,Dataset,|S2,"(1,)",1.0
BOVWA.11TCC4.AWAKECAM11,Group,,,
ExtractionImage,Group,,,
beamIntensity,Dataset,float64,"(1,)",1.0
beamSize,Dataset,float64,"(1,)",1.0
cogX,Dataset,float64,"(1,)",1.0
cogY,Dataset,float64,"(1,)",1.0
height,Dataset,int32,"(1,)",1.0
horProjAmp,Dataset,float64,"(1,)",1.0
horProjAvg,Dataset,float64,"(1,)",1.0
horProjSigma,Dataset,float64,"(1,)",1.0
horProjection,Dataset,float64,"(1280,)",1280.0
imageRawData,Dataset,int16,"(960, 1280)",1228800.0
imageTimeStamp,Dataset,int64,"(1,)",1.0
intensityAvg,Dataset,float64,"(1,)",1.0
intensityHistogram,Dataset,int32,"(1000,)",1000.0
intensityRMS,Dataset,float64,"(1,)",1.0
intensitySigma,Dataset,float64,"(1,)",1.0
pixelSize,Dataset,float64,"(1,)",1.0
verProjAmp,Dataset,float64,"(1,)",1.0
verProjAvg,Dataset,float64,"(1,)",1.0
verProjSigma,Dataset,float64,"(1,)",1.0
verProjection,Dataset,float64,"(960,)",960.0
width,Dataset,int32,"(1,)",1.0
PublishedSettings,Group,,,
delayTime,Dataset,float64,"(1,)",1.0
exposureTime,Dataset,float64,"(1,)",1.0
gain,Dataset,int64,"(1,)",1.0
triggerMode,Dataset,|S2,"(1,)",1.0
BPM.AWAKE.TT41,Group,,,
Acquisition,Group,,,
bpmNames,Dataset,|S15,"(32,)",32.0
dynDestination,Dataset,|S5,"(1,)",1.0
horPosOk,Dataset,Unknown Type,"(0,)",0.0
horPosition,Dataset,float32,"(32,)",32.0
nbOfBpms,Dataset,int16,"(1,)",1.0
verPosOk,Dataset,Unknown Type,"(0,)",0.0
verPosition,Dataset,float32,"(32,)",32.0
BTV.TT41.412354_FILTER,Group,,,
Acquisition,Group,,,
position,Dataset,int32,"(1,)",1.0
BTV.TT41.412426_FWHEEL,Group,,,
Acquisition,Group,,,
position,Dataset,int32,"(1,)",1.0
BTV.TT41.412426_MASK_H,Group,,,
Acquisition,Group,,,
position,Dataset,int32,"(1,)",1.0
BTV.TT41.412426_MASK_V,Group,,,
Acquisition,Group,,,
position,Dataset,int32,"(1,)",1.0
BTV.TT41.412442_FWHEEL,Group,,,
Acquisition,Group,,,
position,Dataset,int32,"(1,)",1.0
BTV.TT41.412442_MASK_H,Group,,,
Acquisition,Group,,,
position,Dataset,int32,"(1,)",1.0
BTV.TT41.412442_MASK_V,Group,,,
Acquisition,Group,,,
position,Dataset,int32,"(1,)",1.0
EMETER02,Group,,,
Acq,Group,,,
outOfRange,Dataset,bool,(),1.0
value,Dataset,float32,"(1,)",1.0
value_units,Dataset,|S1,"(1,)",1.0
EMETER03,Group,,,
Acq,Group,,,
outOfRange,Dataset,bool,(),1.0
value,Dataset,float32,"(1,)",1.0
value_units,Dataset,|S1,"(1,)",1.0
EMETER04,Group,,,
Acq,Group,,,
outOfRange,Dataset,bool,(),1.0
value,Dataset,float32,"(1,)",1.0
value_units,Dataset,|S1,"(1,)",1.0
EMETER05,Group,,,
Acq,Group,,,
outOfRange,Dataset,bool,(),1.0
value,Dataset,float32,"(1,)",1.0
value_units,Dataset,|S1,"(1,)",1.0
FWHEEL01,Group,,,
Acq,Group,,,
backWheelPositionDescription,Dataset,|S6,"(1,)",1.0
frontWheelPositionDescription,Dataset,|S6,"(1,)",1.0
status,Dataset,int32,"(1,)",1.0
GD_BPM.AWAKE.TRIUMF,Group,,,
AcquisitionSPS,Group,,,
bpmNames,Dataset,|S18,"(14,)",14.0
horPos,Dataset,float32,"(14,)",14.0
nbOfBpms,Dataset,int32,"(1,)",1.0
posOK,Dataset,Unknown Type,"(1,)",1.0
sigma,Dataset,int32,"(14,)",14.0
verPos,Dataset,float32,"(14,)",14.0
GlobalAcquisition,Group,,,
bpmNames,Dataset,|S18,"(14,)",14.0
horPos,Dataset,float32,"(14,)",14.0
horPosSelected,Dataset,float32,"(14,)",14.0
nbOfBpms,Dataset,int32,"(1,)",1.0
posOK,Dataset,Unknown Type,"(1,)",1.0
posOkSelected,Dataset,Unknown Type,"(0,)",0.0
sigma,Dataset,float32,"(14,)",14.0
sigmaSelected,Dataset,int32,"(14,)",14.0
verPos,Dataset,float32,"(14,)",14.0
verPosSelected,Dataset,float32,"(14,)",14.0
LSSE2,Group,,,
Acq,Group,,,
position,Dataset,int32,"(1,)",1.0
LSSP2,Group,,,
Acq,Group,,,
position,Dataset,int32,"(1,)",1.0
MPP-TSG41-MIRROR1-H,Group,,,
Acquisition,Group,,,
position,Dataset,int32,"(1,)",1.0
MPP-TSG41-MIRROR1-V,Group,,,
Acquisition,Group,,,
position,Dataset,int32,"(1,)",1.0
MPP-TSG41-WHEEL1-BI,Group,,,
Acquisition,Group,,,
position,Dataset,int32,"(1,)",1.0
MPP-VACTRANS-CTR,Group,,,
Acquisition,Group,,,
mmPosition,Dataset,float64,"(1,)",1.0
position,Dataset,int32,"(1,)",1.0
stepperBusy,Dataset,bool,(),1.0
switchIn,Dataset,bool,(),1.0
switchOut,Dataset,bool,(),1.0
MPP-VACTRANS-OTR,Group,,,
Acquisition,Group,,,
mmPosition,Dataset,float64,"(1,)",1.0
position,Dataset,int32,"(1,)",1.0
stepperBusy,Dataset,bool,(),1.0
switchIn,Dataset,bool,(),1.0
switchOut,Dataset,bool,(),1.0
MPPAWAKE-STANDA-08.AXIS01,Group,,,
Movement,Group,,,
leftLimitSwitchReached,Dataset,|S128,(),1.0
position,Dataset,|S128,(),1.0
rightLimitSwitchReached,Dataset,|S128,(),1.0
MPPAWAKE-STANDA-08.AXIS02,Group,,,
Movement,Group,,,
leftLimitSwitchReached,Dataset,|S128,(),1.0
position,Dataset,|S128,(),1.0
rightLimitSwitchReached,Dataset,|S128,(),1.0
MPPAWAKE-STANDA-08.AXIS03,Group,,,
Movement,Group,,,
leftLimitSwitchReached,Dataset,|S128,(),1.0
position,Dataset,|S128,(),1.0
rightLimitSwitchReached,Dataset,|S128,(),1.0
MPPAWAKE-STANDA-08.AXIS04,Group,,,
Movement,Group,,,
leftLimitSwitchReached,Dataset,|S128,(),1.0
position,Dataset,|S128,(),1.0
rightLimitSwitchReached,Dataset,|S128,(),1.0
MPPAWAKE-STANDA-08.AXIS09,Group,,,
Movement,Group,,,
leftLimitSwitchReached,Dataset,|S128,(),1.0
position,Dataset,|S128,(),1.0
rightLimitSwitchReached,Dataset,|S128,(),1.0
MPPAWAKE-STANDA-08.AXIS10,Group,,,
Movement,Group,,,
leftLimitSwitchReached,Dataset,|S128,(),1.0
position,Dataset,|S128,(),1.0
rightLimitSwitchReached,Dataset,|S128,(),1.0
MPPAWAKE-STANDA-08.AXIS11,Group,,,
Movement,Group,,,
leftLimitSwitchReached,Dataset,|S128,(),1.0
position,Dataset,|S128,(),1.0
rightLimitSwitchReached,Dataset,|S128,(),1.0
MPPAWAKE-STANDA-08.AXIS12,Group,,,
Movement,Group,,,
leftLimitSwitchReached,Dataset,|S128,(),1.0
position,Dataset,|S128,(),1.0
rightLimitSwitchReached,Dataset,|S128,(),1.0
MPPAWAKE-STANDA-12.AXIS01,Group,,,
Movement,Group,,,
leftLimitSwitchReached,Dataset,|S128,(),1.0
position,Dataset,|S128,(),1.0
rightLimitSwitchReached,Dataset,|S128,(),1.0
MPPAWAKE-STANDA-12.AXIS02,Group,,,
Movement,Group,,,
leftLimitSwitchReached,Dataset,|S128,(),1.0
position,Dataset,|S128,(),1.0
rightLimitSwitchReached,Dataset,|S128,(),1.0
MPPAWAKE-STANDA-12.AXIS03,Group,,,
Movement,Group,,,
leftLimitSwitchReached,Dataset,|S128,(),1.0
position,Dataset,|S128,(),1.0
rightLimitSwitchReached,Dataset,|S128,(),1.0
MPPAWAKE-STANDA-12.AXIS04,Group,,,
Movement,Group,,,
leftLimitSwitchReached,Dataset,|S128,(),1.0
position,Dataset,|S128,(),1.0
rightLimitSwitchReached,Dataset,|S128,(),1.0
MPPAWAKE-STANDA-12.AXIS05,Group,,,
Movement,Group,,,
leftLimitSwitchReached,Dataset,|S128,(),1.0
position,Dataset,|S128,(),1.0
rightLimitSwitchReached,Dataset,|S128,(),1.0
MPPAWAKE-STANDA-12.AXIS06,Group,,,
Movement,Group,,,
leftLimitSwitchReached,Dataset,|S128,(),1.0
position,Dataset,|S128,(),1.0
rightLimitSwitchReached,Dataset,|S128,(),1.0
MPPAWAKE-STANDA-12.AXIS07,Group,,,
Movement,Group,,,
leftLimitSwitchReached,Dataset,|S128,(),1.0
position,Dataset,|S128,(),1.0
rightLimitSwitchReached,Dataset,|S128,(),1.0
MPPAWAKE-STANDA-12.AXIS08,Group,,,
Movement,Group,,,
leftLimitSwitchReached,Dataset,|S128,(),1.0
position,Dataset,|S128,(),1.0
rightLimitSwitchReached,Dataset,|S128,(),1.0
MPPAWAKE-STANDA-12.AXIS09,Group,,,
Movement,Group,,,
leftLimitSwitchReached,Dataset,|S128,(),1.0
position,Dataset,|S128,(),1.0
rightLimitSwitchReached,Dataset,|S128,(),1.0
MPPAWAKE-STANDA-12.AXIS10,Group,,,
Movement,Group,,,
leftLimitSwitchReached,Dataset,|S128,(),1.0
position,Dataset,|S128,(),1.0
rightLimitSwitchReached,Dataset,|S128,(),1.0
MPPAWAKE-STANDA-12.AXIS11,Group,,,
Movement,Group,,,
leftLimitSwitchReached,Dataset,|S128,(),1.0
position,Dataset,|S128,(),1.0
rightLimitSwitchReached,Dataset,|S128,(),1.0
MPPAWAKE-STANDA-12.AXIS12,Group,,,
Movement,Group,,,
leftLimitSwitchReached,Dataset,|S128,(),1.0
position,Dataset,|S128,(),1.0
rightLimitSwitchReached,Dataset,|S128,(),1.0
PMOTOR01,Group,,,
Acquisition,Group,,,
position,Dataset,int32,"(1,)",1.0
PMOTOR02,Group,,,
Acquisition,Group,,,
position,Dataset,int32,"(1,)",1.0
PMOTOR03,Group,,,
Acquisition,Group,,,
position,Dataset,int32,"(1,)",1.0
PMOTOR04,Group,,,
Acquisition,Group,,,
position,Dataset,int32,"(1,)",1.0
PMOTOR05,Group,,,
Acquisition,Group,,,
position,Dataset,int32,"(1,)",1.0
PMOTOR06,Group,,,
Acquisition,Group,,,
position,Dataset,int32,"(1,)",1.0
PMOTOR13,Group,,,
Acquisition,Group,,,
position,Dataset,int32,"(1,)",1.0
PMOTOR14,Group,,,
Acquisition,Group,,,
position,Dataset,int32,"(1,)",1.0
PMOTOR15,Group,,,
Acquisition,Group,,,
position,Dataset,int32,"(1,)",1.0
PMOTOR16,Group,,,
Acquisition,Group,,,
position,Dataset,int32,"(1,)",1.0
Plunger.412401,Group,,,
StartCounterSt,Group,,,
value,Dataset,int32,"(1,)",1.0
State,Group,,,
value,Dataset,int16,"(1,)",1.0
Plunger.412422,Group,,,
StartCounterSt,Group,,,
value,Dataset,int32,"(1,)",1.0
State,Group,,,
value,Dataset,int16,"(1,)",1.0
RADMON.AWAKE-1,Group,,,
Acquisition,Group,,,
SEUType1,Dataset,float64,"(1,)",1.0
SEUType2,Dataset,float64,"(1,)",1.0
cumBank1HadronFluence,Dataset,float64,"(1,)",1.0
cumBank1MBUCounts,Dataset,int32,"(1,)",1.0
cumBank1SEUCounts,Dataset,int32,"(1,)",1.0
cumBank2HadronFluence,Dataset,float64,"(1,)",1.0
cumBank2MBUCounts,Dataset,int32,"(1,)",1.0
cumBank2SEUCounts,Dataset,int32,"(1,)",1.0
cumNeutronFluence,Dataset,float64,"(1,)",1.0
cumTID1,Dataset,float64,"(1,)",1.0
cumTID2,Dataset,float64,"(1,)",1.0
lPar1,Dataset,float64,"(1,)",1.0
lPar2,Dataset,float64,"(1,)",1.0
lPar3,Dataset,float64,"(1,)",1.0
lParType,Dataset,float64,"(1,)",1.0
pinDiodeType,Dataset,int32,"(1,)",1.0
radfet1Type,Dataset,int32,"(1,)",1.0
radfet2Type,Dataset,int32,"(1,)",1.0
radmonStatus,Dataset,int32,"(1,)",1.0
revisionNumber,Dataset,int32,"(1,)",1.0
revisionType,Dataset,int32,"(1,)",1.0
RADMON.AWAKE-2,Group,,,
Acquisition,Group,,,
SEUType1,Dataset,float64,"(1,)",1.0
SEUType2,Dataset,float64,"(1,)",1.0
cumBank1HadronFluence,Dataset,float64,"(1,)",1.0
cumBank1MBUCounts,Dataset,int32,"(1,)",1.0
cumBank1SEUCounts,Dataset,int32,"(1,)",1.0
cumBank2HadronFluence,Dataset,float64,"(1,)",1.0
cumBank2MBUCounts,Dataset,int32,"(1,)",1.0
cumBank2SEUCounts,Dataset,int32,"(1,)",1.0
cumNeutronFluence,Dataset,float64,"(1,)",1.0
cumTID1,Dataset,float64,"(1,)",1.0
cumTID2,Dataset,float64,"(1,)",1.0
lPar1,Dataset,float64,"(1,)",1.0
lPar2,Dataset,float64,"(1,)",1.0
lPar3,Dataset,float64,"(1,)",1.0
lParType,Dataset,float64,"(1,)",1.0
pinDiodeType,Dataset,int32,"(1,)",1.0
radfet1Type,Dataset,int32,"(1,)",1.0
radfet2Type,Dataset,int32,"(1,)",1.0
radmonStatus,Dataset,int32,"(1,)",1.0
revisionNumber,Dataset,int32,"(1,)",1.0
revisionType,Dataset,int32,"(1,)",1.0
RADMON.AWAKE-3,Group,,,
Acquisition,Group,,,
SEUType1,Dataset,float64,"(1,)",1.0
SEUType2,Dataset,float64,"(1,)",1.0
cumBank1HadronFluence,Dataset,float64,"(1,)",1.0
cumBank1MBUCounts,Dataset,int32,"(1,)",1.0
cumBank1SEUCounts,Dataset,int32,"(1,)",1.0
cumBank2HadronFluence,Dataset,float64,"(1,)",1.0
cumBank2MBUCounts,Dataset,int32,"(1,)",1.0
cumBank2SEUCounts,Dataset,int32,"(1,)",1.0
cumNeutronFluence,Dataset,float64,"(1,)",1.0
cumTID1,Dataset,float64,"(1,)",1.0
cumTID2,Dataset,float64,"(1,)",1.0
lPar1,Dataset,float64,"(1,)",1.0
lPar2,Dataset,float64,"(1,)",1.0
lPar3,Dataset,float64,"(1,)",1.0
lParType,Dataset,float64,"(1,)",1.0
pinDiodeType,Dataset,int32,"(1,)",1.0
radfet1Type,Dataset,int32,"(1,)",1.0
radfet2Type,Dataset,int32,"(1,)",1.0
radmonStatus,Dataset,int32,"(1,)",1.0
revisionNumber,Dataset,int32,"(1,)",1.0
revisionType,Dataset,int32,"(1,)",1.0
RPADA.BB4.RQNI.412432,Group,,,
MEAS.I,Dataset,float32,"(1,)",1.0
REF.I,Dataset,float32,"(1,)",1.0
RPCAH.TSG4.RCIBH.412344,Group,,,
Acquisition,Group,,,
currentAverage,Dataset,float32,"(1,)",1.0
RPCAH.TSG4.RCIBH.412345,Group,,,
Acquisition,Group,,,
currentAverage,Dataset,float32,"(1,)",1.0
RPCAH.TSG4.RCIBH.412347,Group,,,
Acquisition,Group,,,
currentAverage,Dataset,float32,"(1,)",1.0
RPCAH.TSG4.RCIBH.412349,Group,,,
Acquisition,Group,,,
currentAverage,Dataset,float32,"(1,)",1.0
RPCAH.TSG4.RCIBH.412353,Group,,,
Acquisition,Group,,,
currentAverage,Dataset,float32,"(1,)",1.0
RPCAH.TSG4.RCIBH.430011,Group,,,
Acquisition,Group,,,
currentAverage,Dataset,float32,"(1,)",1.0
RPCAH.TSG4.RCIBH.430029,Group,,,
Acquisition,Group,,,
currentAverage,Dataset,float32,"(1,)",1.0
RPCAH.TSG4.RCIBH.430040,Group,,,
Acquisition,Group,,,
currentAverage,Dataset,float32,"(1,)",1.0
RPCAH.TSG4.RCIBH.430104,Group,,,
Acquisition,Group,,,
currentAverage,Dataset,float32,"(1,)",1.0
RPCAH.TSG4.RCIBH.430130,Group,,,
Acquisition,Group,,,
currentAverage,Dataset,float32,"(1,)",1.0
RPCAH.TSG4.RCIBH.430204,Group,,,
Acquisition,Group,,,
currentAverage,Dataset,float32,"(1,)",1.0
RPCAH.TSG4.RCIBH.430309,Group,,,
Acquisition,Group,,,
currentAverage,Dataset,float32,"(1,)",1.0
RPCAH.TSG4.RCIBV.412344,Group,,,
Acquisition,Group,,,
currentAverage,Dataset,float32,"(1,)",1.0
RPCAH.TSG4.RCIBV.412345,Group,,,
Acquisition,Group,,,
currentAverage,Dataset,float32,"(1,)",1.0
RPCAH.TSG4.RCIBV.412347,Group,,,
Acquisition,Group,,,
currentAverage,Dataset,float32,"(1,)",1.0
RPCAH.TSG4.RCIBV.412349,Group,,,
Acquisition,Group,,,
currentAverage,Dataset,float32,"(1,)",1.0
RPCAH.TSG4.RCIBV.412353,Group,,,
Acquisition,Group,,,
currentAverage,Dataset,float32,"(1,)",1.0
RPCAH.TSG4.RCIBV.430011,Group,,,
Acquisition,Group,,,
currentAverage,Dataset,float32,"(1,)",1.0
RPCAH.TSG4.RCIBV.430029,Group,,,
Acquisition,Group,,,
currentAverage,Dataset,float32,"(1,)",1.0
RPCAH.TSG4.RCIBV.430040,Group,,,
Acquisition,Group,,,
currentAverage,Dataset,float32,"(1,)",1.0
RPCAH.TSG4.RCIBV.430104,Group,,,
Acquisition,Group,,,
currentAverage,Dataset,float32,"(1,)",1.0
RPCAH.TSG4.RCIBV.430130,Group,,,
Acquisition,Group,,,
currentAverage,Dataset,float32,"(1,)",1.0
RPCAH.TSG4.RCIBV.430204,Group,,,
Acquisition,Group,,,
currentAverage,Dataset,float32,"(1,)",1.0
RPCAH.TSG4.RCIBV.430309,Group,,,
Acquisition,Group,,,
currentAverage,Dataset,float32,"(1,)",1.0
RPCAH.TSG4.RQID.412344,Group,,,
Acquisition,Group,,,
currentAverage,Dataset,float32,"(1,)",1.0
RPCAH.TSG4.RQID.412347,Group,,,
Acquisition,Group,,,
currentAverage,Dataset,float32,"(1,)",1.0
RPCAH.TSG4.RQID.430031,Group,,,
Acquisition,Group,,,
currentAverage,Dataset,float32,"(1,)",1.0
RPCAH.TSG4.RQID.430037,Group,,,
Acquisition,Group,,,
currentAverage,Dataset,float32,"(1,)",1.0
RPCAH.TSG4.RQID.430109S,Group,,,
Acquisition,Group,,,
currentAverage,Dataset,float32,"(1,)",1.0
RPCAH.TSG4.RQIF.412346,Group,,,
Acquisition,Group,,,
currentAverage,Dataset,float32,"(1,)",1.0
RPCAH.TSG4.RQIF.430034,Group,,,
Acquisition,Group,,,
currentAverage,Dataset,float32,"(1,)",1.0
RPCAH.TSG4.RQIF.430118,Group,,,
Acquisition,Group,,,
currentAverage,Dataset,float32,"(1,)",1.0
RPCAH.TSG4.RQIF.430205,Group,,,
Acquisition,Group,,,
currentAverage,Dataset,float32,"(1,)",1.0
RPCAH.TSG4.RQIF.430311,Group,,,
Acquisition,Group,,,
currentAverage,Dataset,float32,"(1,)",1.0
RPPEF.BB4.RBIH.412435,Group,,,
MEAS.I,Dataset,float32,"(1,)",1.0
REF.I,Dataset,float32,"(1,)",1.0
RPSKN.TSG4.SNH.430000,Group,,,
Acquisition,Group,,,
currentAverage,Dataset,float32,"(1,)",1.0
RPSKN.TSG4.SNJ.430001,Group,,,
Acquisition,Group,,,
currentAverage,Dataset,float32,"(1,)",1.0
SPS.BCTDC.41435,Group,,,
Acquisition,Group,,,
acqDesc,Dataset,|S1,"(1,)",1.0
acqMsg,Dataset,|S32,"(1,)",1.0
acqState,Dataset,int32,"(1,)",1.0
acqTime,Dataset,|S25,"(1,)",1.0
calMarkerData,Dataset,int16,"(1120,)",1120.0
cycleTime,Dataset,|S1,"(1,)",1.0
dumpCycleTime,Dataset,int32,"(1,)",1.0
dumpInt,Dataset,float32,"(1,)",1.0
inCheckStatusData,Dataset,int16,"(1120,)",1120.0
lowIbStatusData,Dataset,int16,"(1120,)",1120.0
measStamp,Dataset,float32,"(940,)",940.0
measStamp_unit,Dataset,int32,"(1,)",1.0
measStamp_unitExponent,Dataset,float32,"(1,)",1.0
nbOfAdcData,Dataset,int32,"(1,)",1.0
nbOfMeas,Dataset,int32,"(1,)",1.0
range1Data,Dataset,int16,"(1120,)",1120.0
range2Data,Dataset,int16,"(1120,)",1120.0
range3Data,Dataset,int16,"(1120,)",1120.0
range4Data,Dataset,int16,"(1120,)",1120.0
samplingTime,Dataset,int32,"(1,)",1.0
sbfCycleTime,Dataset,int32,"(1,)",1.0
sbfIntensity,Dataset,float32,"(1,)",1.0
selectedRange,Dataset,int32,"(1,)",1.0
slowCycleTime,Dataset,int32,"(1,)",1.0
slowExtInt,Dataset,float32,"(1,)",1.0
superCycleNb,Dataset,int32,"(1,)",1.0
totalIntensity,Dataset,float32,"(940,)",940.0
totalIntensity4Ranges,Dataset,float32,"(4, 1120)",4480.0
totalIntensity_unit,Dataset,int32,"(1,)",1.0
totalIntensity_unitExponent,Dataset,float32,"(1,)",1.0
vmodStatus,Dataset,int32,"(1,)",1.0
SPS.BCTDC.51895,Group,,,
Acquisition,Group,,,
acqDesc,Dataset,|S1,"(1,)",1.0
acqMsg,Dataset,|S32,"(1,)",1.0
acqState,Dataset,int32,"(1,)",1.0
acqTime,Dataset,|S25,"(1,)",1.0
calMarkerData,Dataset,int16,"(1120,)",1120.0
cycleTime,Dataset,|S1,"(1,)",1.0
dumpCycleTime,Dataset,int32,"(1,)",1.0
dumpInt,Dataset,float32,"(1,)",1.0
inCheckStatusData,Dataset,int16,"(1120,)",1120.0
lowIbStatusData,Dataset,int16,"(1120,)",1120.0
measStamp,Dataset,float32,"(940,)",940.0
measStamp_unit,Dataset,int32,"(1,)",1.0
measStamp_unitExponent,Dataset,float32,"(1,)",1.0
monitorArray1,Dataset,int16,"(1120,)",1120.0
monitorArray2,Dataset,int16,"(1120,)",1120.0
nbOfAdcData,Dataset,int32,"(1,)",1.0
nbOfMeas,Dataset,int32,"(1,)",1.0
range1Data,Dataset,int16,"(1120,)",1120.0
range2Data,Dataset,int16,"(1120,)",1120.0
range3Data,Dataset,int16,"(1120,)",1120.0
range4Data,Dataset,int16,"(1120,)",1120.0
samplingTime,Dataset,int32,"(1,)",1.0
sbfCycleTime,Dataset,int32,"(1,)",1.0
sbfIntensity,Dataset,float32,"(1,)",1.0
selectedRange,Dataset,int32,"(1,)",1.0
slowCycleTime,Dataset,int32,"(1,)",1.0
slowExtInt,Dataset,float32,"(1,)",1.0
superCycleNb,Dataset,int32,"(1,)",1.0
totalIntensity,Dataset,float32,"(940,)",940.0
totalIntensity4Ranges,Dataset,float32,"(4, 1120)",4480.0
totalIntensity_unit,Dataset,int32,"(1,)",1.0
totalIntensity_unitExponent,Dataset,float32,"(1,)",1.0
vmodStatus,Dataset,int32,"(1,)",1.0
SPSBQMSPSv1,Group,,,
Acquisition,Group,,,
beamOk,Dataset,bool,(),1.0
bqmOutputEnable,Dataset,bool,(),1.0
bunchIntensities,Dataset,float32,"(288,)",288.0
bunchIntensityMax,Dataset,float32,"(1,)",1.0
bunchIntensityMaxThr,Dataset,float32,"(1,)",1.0
bunchIntensityMean,Dataset,float32,"(1,)",1.0
bunchIntensityMin,Dataset,float32,"(1,)",1.0
bunchIntensityMinThr,Dataset,float32,"(1,)",1.0
bunchIntensityModIndex,Dataset,float32,"(1,)",1.0
bunchIntensityModIndexOk,Dataset,bool,(),1.0
bunchIntensityModIndexThr,Dataset,float32,"(1,)",1.0
bunchIntensityOk,Dataset,bool,(),1.0
bunchIntensityStd,Dataset,float32,"(1,)",1.0
bunchLengthMax,Dataset,float32,"(1,)",1.0
bunchLengthMaxThr,Dataset,float32,"(1,)",1.0
bunchLengthMean,Dataset,float32,"(1,)",1.0
bunchLengthMin,Dataset,float32,"(1,)",1.0
bunchLengthMinThr,Dataset,float32,"(1,)",1.0
bunchLengthOk,Dataset,bool,(),1.0
bunchLengthStd,Dataset,float32,"(1,)",1.0
bunchLengthStdOk,Dataset,bool,(),1.0
bunchLengthStdThr,Dataset,float32,"(1,)",1.0
bunchLengths,Dataset,float32,"(288,)",288.0
bunchPeakMax,Dataset,float32,"(1,)",1.0
bunchPeakMaxThr,Dataset,float32,"(1,)",1.0
bunchPeakMean,Dataset,float32,"(1,)",1.0
bunchPeakMin,Dataset,float32,"(1,)",1.0
bunchPeakMinThr,Dataset,float32,"(1,)",1.0
bunchPeakOk,Dataset,bool,(),1.0
bunchPeakStd,Dataset,float32,"(1,)",1.0
bunchPeakStdOk,Dataset,bool,(),1.0
bunchPeakStdThr,Dataset,float32,"(1,)",1.0
bunchPeaks,Dataset,float32,"(288,)",288.0
bunchPositions,Dataset,float32,"(288,)",288.0
diagnostic,Dataset,int16,"(1,)",1.0
doubletIntensitySplitOk,Dataset,bool,(),1.0
doublets,Dataset,bool,(),1.0
filledBuckets,Dataset,int32,"(288,)",288.0
firstBunchPositionOk,Dataset,bool,(),1.0
isTrailingDoublet,Dataset,Unknown Type,"(0,)",0.0
nAllowedLongBunches,Dataset,int16,"(1,)",1.0
nBunches,Dataset,int32,"(1,)",1.0
nBunchesMax,Dataset,int16,"(1,)",1.0
nBunchesMaxOk,Dataset,bool,(),1.0
nBunchesRamp,Dataset,int32,"(1,)",1.0
nSatellitesIntensity,Dataset,int32,"(1,)",1.0
nSatellitesMidBucket,Dataset,int32,"(1,)",1.0
nTooLongBunches,Dataset,int16,"(1,)",1.0
nWarningMessages,Dataset,int16,"(1,)",1.0
oscillationPercentDeltaMax,Dataset,float32,"(1,)",1.0
oscillationPercentDeltaMaxThr,Dataset,float32,"(1,)",1.0
oscillationPercentDeltas,Dataset,float32,"(1,)",1.0
oscillationPercentPeakMax,Dataset,float32,"(1,)",1.0
oscillationPercentPeakMaxThr,Dataset,float32,"(1,)",1.0
patternOk,Dataset,bool,(),1.0
satelliteBucketsIntensity,Dataset,float32,"(4620,)",4620.0
satelliteBucketsMid,Dataset,float32,"(4620,)",4620.0
satellitesIntensityThr,Dataset,float32,"(1,)",1.0
satellitesMidBucketThr,Dataset,float32,"(1,)",1.0
satellitesOk,Dataset,bool,(),1.0
stabilityOk,Dataset,bool,(),1.0
tgmNLSQCTL,Dataset,bool,(),1.0
tgmSCNUM,Dataset,int32,"(1,)",1.0
verifyPattern,Dataset,bool,(),1.0
warningMessages,Dataset,|S48,"(50,)",50.0
wrongBuckets,Dataset,int32,"(288,)",288.0
RawWavesFTAcquisition,Group,,,
rawWaveFT,Dataset,int16,"(80000,)",80000.0
SR.AWGAMP,Group,,,
Status,Group,,,
position,Dataset,int64,"(1,)",1.0
SR.AWGPH,Group,,,
Status,Group,,,
position,Dataset,int64,"(1,)",1.0
SR.AWINTLK,Group,,,
PhaseAcq,Group,,,
phaseShifter,Dataset,float32,"(1,)",1.0
SR.SCOPE27.CH01,Group,,,
Acquisition,Group,,,
CTime,Dataset,int32,"(1,)",1.0
cycleTag,Dataset,int32,"(1,)",1.0
diffStamps,Dataset,int64,"(1,)",1.0
firstSampleTime,Dataset,float32,"(1,)",1.0
offset,Dataset,float32,"(1,)",1.0
sampleInterval,Dataset,float32,"(1,)",1.0
sensitivity,Dataset,float32,"(1,)",1.0
triggerError,Dataset,float32,"(1,)",1.0
triggerStamp,Dataset,int64,"(1,)",1.0
value,Dataset,int16,"(1, 320)",320.0
value_units,Dataset,|S1,"(1,)",1.0
SR.SCOPE28.CH01,Group,,,
Acquisition,Group,,,
CTime,Dataset,int32,"(1,)",1.0
cycleTag,Dataset,int32,"(1,)",1.0
diffStamps,Dataset,int64,"(1,)",1.0
firstSampleTime,Dataset,float32,"(1,)",1.0
offset,Dataset,float32,"(1,)",1.0
sampleInterval,Dataset,float32,"(1,)",1.0
sensitivity,Dataset,float32,"(1,)",1.0
triggerError,Dataset,float32,"(1,)",1.0
triggerStamp,Dataset,int64,"(1,)",1.0
value,Dataset,int16,"(1, 320)",320.0
value_units,Dataset,|S1,"(1,)",1.0
SR.SCOPE29.CH01,Group,,,
Acquisition,Group,,,
CTime,Dataset,int32,"(1,)",1.0
cycleTag,Dataset,int32,"(1,)",1.0
diffStamps,Dataset,int64,"(1,)",1.0
firstSampleTime,Dataset,float32,"(1,)",1.0
offset,Dataset,float32,"(1,)",1.0
sampleInterval,Dataset,float32,"(1,)",1.0
sensitivity,Dataset,float32,"(1,)",1.0
triggerError,Dataset,float32,"(1,)",1.0
triggerStamp,Dataset,int64,"(1,)",1.0
value,Dataset,int16,"(1, 320)",320.0
value_units,Dataset,|S1,"(1,)",1.0
SR.SCOPE30.CH01,Group,,,
Acquisition,Group,,,
CTime,Dataset,int32,"(1,)",1.0
cycleTag,Dataset,int32,"(1,)",1.0
diffStamps,Dataset,int64,"(1,)",1.0
firstSampleTime,Dataset,float32,"(1,)",1.0
offset,Dataset,float32,"(1,)",1.0
sampleInterval,Dataset,float32,"(1,)",1.0
sensitivity,Dataset,float32,"(1,)",1.0
triggerError,Dataset,float32,"(1,)",1.0
triggerStamp,Dataset,int64,"(1,)",1.0
value,Dataset,int16,"(1, 4000)",4000.0
value_units,Dataset,|S1,"(1,)",1.0
SR.SCOPE30.CH02,Group,,,
Acquisition,Group,,,
CTime,Dataset,int32,"(1,)",1.0
cycleTag,Dataset,int32,"(1,)",1.0
diffStamps,Dataset,int64,"(1,)",1.0
firstSampleTime,Dataset,float32,"(1,)",1.0
offset,Dataset,float32,"(1,)",1.0
sampleInterval,Dataset,float32,"(1,)",1.0
sensitivity,Dataset,float32,"(1,)",1.0
triggerError,Dataset,float32,"(1,)",1.0
triggerStamp,Dataset,int64,"(1,)",1.0
value,Dataset,int16,"(1, 4000)",4000.0
value_units,Dataset,|S1,"(1,)",1.0
SR.SCOPE43.CH01,Group,,,
Acquisition,Group,,,
CTime,Dataset,int32,"(1,)",1.0
cycleTag,Dataset,int32,"(1,)",1.0
diffStamps,Dataset,int64,"(1,)",1.0
firstSampleTime,Dataset,float32,"(1,)",1.0
offset,Dataset,float32,"(1,)",1.0
sampleInterval,Dataset,float32,"(1,)",1.0
sensitivity,Dataset,float32,"(1,)",1.0
triggerError,Dataset,float32,"(1,)",1.0
triggerStamp,Dataset,int64,"(1,)",1.0
value,Dataset,int16,"(1, 352)",352.0
value_units,Dataset,|S1,"(1,)",1.0
SR.SCOPE43.CH02,Group,,,
Acquisition,Group,,,
CTime,Dataset,int32,"(1,)",1.0
cycleTag,Dataset,int32,"(1,)",1.0
diffStamps,Dataset,int64,"(1,)",1.0
firstSampleTime,Dataset,float32,"(1,)",1.0
offset,Dataset,float32,"(1,)",1.0
sampleInterval,Dataset,float32,"(1,)",1.0
sensitivity,Dataset,float32,"(1,)",1.0
triggerError,Dataset,float32,"(1,)",1.0
triggerStamp,Dataset,int64,"(1,)",1.0
value,Dataset,int16,"(1, 352)",352.0
value_units,Dataset,|S1,"(1,)",1.0
SR.SCOPE43.CH03,Group,,,
Acquisition,Group,,,
CTime,Dataset,int32,"(1,)",1.0
cycleTag,Dataset,int32,"(1,)",1.0
diffStamps,Dataset,int64,"(1,)",1.0
firstSampleTime,Dataset,float32,"(1,)",1.0
offset,Dataset,float32,"(1,)",1.0
sampleInterval,Dataset,float32,"(1,)",1.0
sensitivity,Dataset,float32,"(1,)",1.0
triggerError,Dataset,float32,"(1,)",1.0
triggerStamp,Dataset,int64,"(1,)",1.0
value,Dataset,int16,"(1, 352)",352.0
value_units,Dataset,|S1,"(1,)",1.0
SR.SCOPE43.CH04,Group,,,
Acquisition,Group,,,
CTime,Dataset,int32,"(1,)",1.0
cycleTag,Dataset,int32,"(1,)",1.0
diffStamps,Dataset,int64,"(1,)",1.0
firstSampleTime,Dataset,float32,"(1,)",1.0
offset,Dataset,float32,"(1,)",1.0
sampleInterval,Dataset,float32,"(1,)",1.0
sensitivity,Dataset,float32,"(1,)",1.0
triggerError,Dataset,float32,"(1,)",1.0
triggerStamp,Dataset,int64,"(1,)",1.0
value,Dataset,int16,"(1, 352)",352.0
value_units,Dataset,|S1,"(1,)",1.0
SR.SCOPE43.CH05,Group,,,
Acquisition,Group,,,
CTime,Dataset,int32,"(1,)",1.0
cycleTag,Dataset,int32,"(1,)",1.0
diffStamps,Dataset,int64,"(1,)",1.0
firstSampleTime,Dataset,float32,"(1,)",1.0
offset,Dataset,float32,"(1,)",1.0
sampleInterval,Dataset,float32,"(1,)",1.0
sensitivity,Dataset,float32,"(1,)",1.0
triggerError,Dataset,float32,"(1,)",1.0
triggerStamp,Dataset,int64,"(1,)",1.0
value,Dataset,int16,"(1, 352)",352.0
value_units,Dataset,|S1,"(1,)",1.0
SR.SCOPE43.CH06,Group,,,
Acquisition,Group,,,
CTime,Dataset,int32,"(1,)",1.0
cycleTag,Dataset,int32,"(1,)",1.0
diffStamps,Dataset,int64,"(1,)",1.0
firstSampleTime,Dataset,float32,"(1,)",1.0
offset,Dataset,float32,"(1,)",1.0
sampleInterval,Dataset,float32,"(1,)",1.0
sensitivity,Dataset,float32,"(1,)",1.0
triggerError,Dataset,float32,"(1,)",1.0
triggerStamp,Dataset,int64,"(1,)",1.0
value,Dataset,int16,"(1, 252)",252.0
value_units,Dataset,|S1,"(1,)",1.0
SR.SCOPE43.CH07,Group,,,
Acquisition,Group,,,
CTime,Dataset,int32,"(1,)",1.0
cycleTag,Dataset,int32,"(1,)",1.0
diffStamps,Dataset,int64,"(1,)",1.0
firstSampleTime,Dataset,float32,"(1,)",1.0
offset,Dataset,float32,"(1,)",1.0
sampleInterval,Dataset,float32,"(1,)",1.0
sensitivity,Dataset,float32,"(1,)",1.0
triggerError,Dataset,float32,"(1,)",1.0
triggerStamp,Dataset,int64,"(1,)",1.0
value,Dataset,int16,"(1, 352)",352.0
value_units,Dataset,|S1,"(1,)",1.0
SR.SCOPE43.CH08,Group,,,
Acquisition,Group,,,
CTime,Dataset,int32,"(1,)",1.0
cycleTag,Dataset,int32,"(1,)",1.0
diffStamps,Dataset,int64,"(1,)",1.0
firstSampleTime,Dataset,float32,"(1,)",1.0
offset,Dataset,float32,"(1,)",1.0
sampleInterval,Dataset,float32,"(1,)",1.0
sensitivity,Dataset,float32,"(1,)",1.0
triggerError,Dataset,float32,"(1,)",1.0
triggerStamp,Dataset,int64,"(1,)",1.0
value,Dataset,int16,"(1, 252)",252.0
value_units,Dataset,|S1,"(1,)",1.0
SR.SCOPE45.CH01,Group,,,
Acquisition,Group,,,
CTime,Dataset,int32,"(1,)",1.0
cycleTag,Dataset,int32,"(1,)",1.0
diffStamps,Dataset,int64,"(1,)",1.0
firstSampleTime,Dataset,float32,"(1,)",1.0
offset,Dataset,float32,"(1,)",1.0
sampleInterval,Dataset,float32,"(1,)",1.0
sensitivity,Dataset,float32,"(1,)",1.0
triggerError,Dataset,float32,"(1,)",1.0
triggerStamp,Dataset,int64,"(1,)",1.0
value,Dataset,int16,"(1, 352)",352.0
value_units,Dataset,|S1,"(1,)",1.0
SR.SCOPE45.CH02,Group,,,
Acquisition,Group,,,
CTime,Dataset,int32,"(1,)",1.0
cycleTag,Dataset,int32,"(1,)",1.0
diffStamps,Dataset,int64,"(1,)",1.0
firstSampleTime,Dataset,float32,"(1,)",1.0
offset,Dataset,float32,"(1,)",1.0
sampleInterval,Dataset,float32,"(1,)",1.0
sensitivity,Dataset,float32,"(1,)",1.0
triggerError,Dataset,float32,"(1,)",1.0
triggerStamp,Dataset,int64,"(1,)",1.0
value,Dataset,int16,"(1, 352)",352.0
value_units,Dataset,|S1,"(1,)",1.0
SR.SCOPE45.CH03,Group,,,
Acquisition,Group,,,
CTime,Dataset,int32,"(1,)",1.0
cycleTag,Dataset,int32,"(1,)",1.0
diffStamps,Dataset,int64,"(1,)",1.0
firstSampleTime,Dataset,float32,"(1,)",1.0
offset,Dataset,float32,"(1,)",1.0
sampleInterval,Dataset,float32,"(1,)",1.0
sensitivity,Dataset,float32,"(1,)",1.0
triggerError,Dataset,float32,"(1,)",1.0
triggerStamp,Dataset,int64,"(1,)",1.0
value,Dataset,int16,"(1, 352)",352.0
value_units,Dataset,|S1,"(1,)",1.0
SR.SCOPE45.CH04,Group,,,
Acquisition,Group,,,
CTime,Dataset,int32,"(1,)",1.0
cycleTag,Dataset,int32,"(1,)",1.0
diffStamps,Dataset,int64,"(1,)",1.0
firstSampleTime,Dataset,float32,"(1,)",1.0
offset,Dataset,float32,"(1,)",1.0
sampleInterval,Dataset,float32,"(1,)",1.0
sensitivity,Dataset,float32,"(1,)",1.0
triggerError,Dataset,float32,"(1,)",1.0
triggerStamp,Dataset,int64,"(1,)",1.0
value,Dataset,int16,"(1, 352)",352.0
value_units,Dataset,|S1,"(1,)",1.0
Sps2AwakeSynchro,Group,,,
ProtonDelayNs,Group,,,
delay,Dataset,float64,"(1,)",1.0
TCC4.AWAKE-SCOPE-CTR.CH1,Group,,,
FileRead,Group,,,
channelRead,Dataset,int32,"(1,)",1.0
dataAxis,Dataset,float64,"(5000,)",5000.0
dataValue,Dataset,float64,"(5000,)",5000.0
fileCount,Dataset,int32,"(1,)",1.0
fileName,Dataset,|S29,"(1,)",1.0
fileReadDelay,Dataset,int64,"(1,)",1.0
fileTime,Dataset,int64,"(1,)",1.0
headerName,Dataset,|S17,"(100,)",100.0
headerValue,Dataset,|S16,"(100,)",100.0
TCC4.AWAKE-SCOPE-CTR.CH2,Group,,,
FileRead,Group,,,
channelRead,Dataset,int32,"(1,)",1.0
dataAxis,Dataset,float64,"(5000,)",5000.0
dataValue,Dataset,float64,"(5000,)",5000.0
fileCount,Dataset,int32,"(1,)",1.0
fileName,Dataset,|S29,"(1,)",1.0
fileReadDelay,Dataset,int64,"(1,)",1.0
fileTime,Dataset,int64,"(1,)",1.0
headerName,Dataset,|S17,"(100,)",100.0
headerValue,Dataset,|S16,"(100,)",100.0
TCC4.AWAKE-SCOPE-CTR.CH3,Group,,,
FileRead,Dataset,|S166,(),1.0
TCC4.AWAKE-SCOPE-CTR.CH4,Group,,,
FileRead,Group,,,
channelRead,Dataset,int32,"(1,)",1.0
dataAxis,Dataset,float64,"(2000,)",2000.0
dataValue,Dataset,float64,"(2000,)",2000.0
fileCount,Dataset,int32,"(1,)",1.0
fileName,Dataset,|S29,"(1,)",1.0
fileReadDelay,Dataset,int64,"(1,)",1.0
fileTime,Dataset,int64,"(1,)",1.0
headerName,Dataset,|S17,"(100,)",100.0
headerValue,Dataset,|S16,"(100,)",100.0
TSG40.AWAKE-LASER-CORRELATOR,Group,,,
FileRead,Group,,,
dataAcquisitionTime,Dataset,int64,"(1,)",1.0
dataAmplitude,Dataset,float64,"(768,)",768.0
dataDelay,Dataset,float64,"(768,)",768.0
dataImage,Dataset,int16,"(768, 576)",442368.0
fileCount,Dataset,int32,"(1,)",1.0
fileName,Dataset,|S17,"(1,)",1.0
fileTime,Dataset,int64,"(1,)",1.0
fittedAmplitude,Dataset,float64,"(768,)",768.0
pulseWidth,Dataset,float64,"(1,)",1.0
TSG41.AWAKE-CTR-PHOTOMIXER,Group,,,
NameAcquisition,Group,,,
nameValue,Dataset,|S45,"(100,)",100.0
ValueAcquisition,Group,,,
floatValue,Dataset,float64,"(100,)",100.0
TSG41.AWAKE-CTR-WR4-WR8-MIXERS,Group,,,
NameAcquisition,Group,,,
nameValue,Dataset,|S19,"(100,)",100.0
ValueAcquisition,Group,,,
floatValue,Dataset,float64,"(100,)",100.0
TSG41.AWAKE-CTRHET-VDI,Group,,,
FileRead,Group,,,
fileCount,Dataset,int32,"(1,)",1.0
fileName,Dataset,|S42,"(1,)",1.0
fileReadDelay,Dataset,int64,"(1,)",1.0
fileTime,Dataset,int64,"(1,)",1.0
floatValue,Dataset,float64,"(1,)",1.0
integerValue,Dataset,int64,"(1,)",1.0
stringValue,Dataset,|S4,"(1,)",1.0
TSG41.AWAKE-CTRHET-WR8,Group,,,
FileRead,Dataset,|S166,(),1.0
TSG41.AWAKE-DENSITY-DATA,Group,,,
NameAcquisition,Group,,,
nameValue,Dataset,|S18,"(100,)",100.0
ValueAcquisition,Group,,,
floatValue,Dataset,float64,"(100,)",100.0
TSG41.AWAKE-GUI-SUPPORT,Group,,,
NameAcquisition,Group,,,
nameValue,Dataset,|S20,"(100,)",100.0
ValueAcquisition,Group,,,
floatValue,Dataset,float64,"(100,)",100.0
TSG41.AWAKE-LASER-DATA,Group,,,
NameAcquisition,Group,,,
nameValue,Dataset,|S55,"(100,)",100.0
ValueAcquisition,Group,,,
floatValue,Dataset,float64,"(100,)",100.0
TSG41.AWAKE-TWO-SCREEN-MEAS,Group,,,
NameAcquisition,Group,,,
nameValue,Dataset,|S19,"(100,)",100.0
ValueAcquisition,Group,,,
floatValue,Dataset,float64,"(100,)",100.0
TSG41.AWAKE-XMPP-FFTFREQ,Group,,,
NameAcquisition,Group,,,
nameValue,Dataset,|S16,"(100,)",100.0
ValueAcquisition,Group,,,
floatValue,Dataset,float64,"(100,)",100.0
TT41.AWAKE-PLASMA-SPECTRO-DOWN,Group,,,
FileRead,Group,,,
dataAcquisitionTime,Dataset,int64,"(1,)",1.0
dataAxis,Dataset,float64,"(3648,)",3648.0
dataValue,Dataset,float64,"(3648,)",3648.0
fileCount,Dataset,int32,"(1,)",1.0
fileName,Dataset,|S44,"(1,)",1.0
fileReadDelay,Dataset,int64,"(1,)",1.0
fileTime,Dataset,int64,"(1,)",1.0
headerName,Dataset,|S32,"(11,)",11.0
headerValue,Dataset,|S28,"(11,)",11.0
nPixels,Dataset,int32,"(1,)",1.0
TT41.AWAKE-PLASMA-SPECTRO-UP,Group,,,
FileRead,Group,,,
dataAcquisitionTime,Dataset,int64,"(1,)",1.0
dataAxis,Dataset,float64,"(3648,)",3648.0
dataValue,Dataset,float64,"(3648,)",3648.0
fileCount,Dataset,int32,"(1,)",1.0
fileName,Dataset,|S43,"(1,)",1.0
fileReadDelay,Dataset,int64,"(1,)",1.0
fileTime,Dataset,int64,"(1,)",1.0
headerName,Dataset,|S32,"(11,)",11.0
headerValue,Dataset,|S28,"(11,)",11.0
nPixels,Dataset,int32,"(1,)",1.0
TT41.AWAKE-eBLM-pico1,Group,,,
FileRead,Group,,,
FileTime,Dataset,int64,"(1,)",1.0
dataAcquisitionTime,Dataset,int64,"(1,)",1.0
dataAxis,Dataset,float64,"(785,)",785.0
dataValue1,Dataset,float64,"(785,)",785.0
dataValue2,Dataset,float64,"(785,)",785.0
dataValue3,Dataset,float64,"(785,)",785.0
dataValue4,Dataset,float64,"(785,)",785.0
fileCount,Dataset,int32,"(1,)",1.0
fileName,Dataset,|S17,"(1,)",1.0
fileReadDelay,Dataset,int64,"(1,)",1.0
headerName,Dataset,|S1,"(100,)",100.0
headerValue,Dataset,|S1,"(100,)",100.0
nPixels,Dataset,int32,"(1,)",1.0
TT41.AWAKE-eBLM-pico2,Group,,,
FileRead,Group,,,
FileTime,Dataset,int64,"(1,)",1.0
dataAcquisitionTime,Dataset,int64,"(1,)",1.0
dataAxis,Dataset,float64,"(785,)",785.0
dataValue1,Dataset,float64,"(785,)",785.0
dataValue2,Dataset,float64,"(785,)",785.0
dataValue3,Dataset,float64,"(785,)",785.0
dataValue4,Dataset,float64,"(785,)",785.0
fileCount,Dataset,int32,"(1,)",1.0
fileName,Dataset,|S17,"(1,)",1.0
fileReadDelay,Dataset,int64,"(1,)",1.0
headerName,Dataset,|S1,"(100,)",100.0
headerValue,Dataset,|S1,"(100,)",100.0
nPixels,Dataset,int32,"(1,)",1.0
TT41.AWAKE-eBLM-pico3,Group,,,
FileRead,Group,,,
FileTime,Dataset,int64,"(1,)",1.0
dataAcquisitionTime,Dataset,int64,"(1,)",1.0
dataAxis,Dataset,float64,"(785,)",785.0
dataValue1,Dataset,float64,"(785,)",785.0
dataValue2,Dataset,float64,"(785,)",785.0
dataValue3,Dataset,float64,"(785,)",785.0
dataValue4,Dataset,float64,"(785,)",785.0
fileCount,Dataset,int32,"(1,)",1.0
fileName,Dataset,|S17,"(1,)",1.0
fileReadDelay,Dataset,int64,"(1,)",1.0
headerName,Dataset,|S1,"(100,)",100.0
headerValue,Dataset,|S1,"(100,)",100.0
nPixels,Dataset,int32,"(1,)",1.0
TT41.BCTF.412340,Group,,,
Acquisition,Group,,,
acqTime,Dataset,|S26,"(1,)",1.0
beamDestinationStr,Dataset,|S5,"(1,)",1.0
beamID,Dataset,int32,"(1,)",1.0
calResultCh1,Dataset,int32,"(2,)",2.0
calResultCh2,Dataset,int32,"(2,)",2.0
calStatusCh1,Dataset,int16,"(1,)",1.0
calStatusCh2,Dataset,int16,"(1,)",1.0
calibrationFactorCh1,Dataset,float32,"(1,)",1.0
calibrationFactorCh2,Dataset,float32,"(1,)",1.0
calibratorIMeasuredCh1,Dataset,float32,"(1,)",1.0
calibratorIMeasuredCh2,Dataset,float32,"(1,)",1.0
calibratorVActual,Dataset,float32,"(1,)",1.0
commonStatus,Dataset,int16,"(1,)",1.0
cycleTime,Dataset,|S26,"(1,)",1.0
descriptionCh1,Dataset,|S1,"(1,)",1.0
descriptionCh2,Dataset,|S1,"(1,)",1.0
inputOffsetCh1,Dataset,int32,"(1,)",1.0
inputOffsetCh2,Dataset,int32,"(1,)",1.0
measResultCh1,Dataset,int32,"(32,)",32.0
measResultCh2,Dataset,int32,"(32,)",32.0
measStatusCh1,Dataset,int16,"(1,)",1.0
measStatusCh2,Dataset,int16,"(1,)",1.0
nbOfMeas,Dataset,int32,"(1,)",1.0
totalCurrentPreferred,Dataset,float32,"(1,)",1.0
totalIntensityAutoCh1,Dataset,float32,"(1,)",1.0
totalIntensityAutoCh2,Dataset,float32,"(1,)",1.0
totalIntensityCalcCh1,Dataset,float32,"(1,)",1.0
totalIntensityCalcCh2,Dataset,float32,"(1,)",1.0
totalIntensityPreferred,Dataset,float32,"(1,)",1.0
totalIntensity_unit,Dataset,int32,"(1,)",1.0
totalIntensity_unitExponent,Dataset,int32,"(1,)",1.0
TT41.BPM.412343,Group,,,
Acquisition,Group,,,
horAvePos,Dataset,float32,"(1,)",1.0
horPos,Dataset,float32,"(12,)",12.0
posOK,Dataset,Unknown Type,"(1,)",1.0
sigma,Dataset,int32,"(12,)",12.0
sigmaAvePos,Dataset,float32,"(1,)",1.0
spsExtraction,Dataset,bool,(),1.0
spsExtractionIndex,Dataset,int32,"(1,)",1.0
verAvePos,Dataset,float32,"(1,)",1.0
verPos,Dataset,float32,"(12,)",12.0
TT41.BPM.412345,Group,,,
Acquisition,Group,,,
horAvePos,Dataset,float32,"(1,)",1.0
horPos,Dataset,float32,"(12,)",12.0
posOK,Dataset,Unknown Type,"(1,)",1.0
sigma,Dataset,int32,"(12,)",12.0
sigmaAvePos,Dataset,float32,"(1,)",1.0
spsExtraction,Dataset,bool,(),1.0
spsExtractionIndex,Dataset,int32,"(1,)",1.0
verAvePos,Dataset,float32,"(1,)",1.0
verPos,Dataset,float32,"(12,)",12.0
TT41.BPM.412347,Group,,,
Acquisition,Group,,,
horAvePos,Dataset,float32,"(1,)",1.0
horPos,Dataset,float32,"(12,)",12.0
posOK,Dataset,Unknown Type,"(1,)",1.0
sigma,Dataset,int32,"(12,)",12.0
sigmaAvePos,Dataset,float32,"(1,)",1.0
spsExtraction,Dataset,bool,(),1.0
spsExtractionIndex,Dataset,int32,"(1,)",1.0
verAvePos,Dataset,float32,"(1,)",1.0
verPos,Dataset,float32,"(12,)",12.0
TT41.BPM.412349,Group,,,
Acquisition,Group,,,
horAvePos,Dataset,float32,"(1,)",1.0
horPos,Dataset,float32,"(12,)",12.0
posOK,Dataset,Unknown Type,"(1,)",1.0
sigma,Dataset,int32,"(12,)",12.0
sigmaAvePos,Dataset,float32,"(1,)",1.0
spsExtraction,Dataset,bool,(),1.0
spsExtractionIndex,Dataset,int32,"(1,)",1.0
verAvePos,Dataset,float32,"(1,)",1.0
verPos,Dataset,float32,"(12,)",12.0
TT41.BPM.412349_HF,Group,,,
Acquisition,Group,,,
horAvePos,Dataset,float32,"(1,)",1.0
horPos,Dataset,float32,"(12,)",12.0
posOK,Dataset,Unknown Type,"(0,)",0.0
sigma,Dataset,int32,"(12,)",12.0
sigmaAvePos,Dataset,float32,"(1,)",1.0
spsExtraction,Dataset,bool,(),1.0
spsExtractionIndex,Dataset,int32,"(1,)",1.0
verAvePos,Dataset,float32,"(1,)",1.0
verPos,Dataset,float32,"(12,)",12.0
TT41.BPM.412351,Group,,,
Acquisition,Group,,,
horAvePos,Dataset,float32,"(1,)",1.0
horPos,Dataset,float32,"(12,)",12.0
posOK,Dataset,Unknown Type,"(1,)",1.0
sigma,Dataset,int32,"(12,)",12.0
sigmaAvePos,Dataset,float32,"(1,)",1.0
spsExtraction,Dataset,bool,(),1.0
spsExtractionIndex,Dataset,int32,"(1,)",1.0
verAvePos,Dataset,float32,"(1,)",1.0
verPos,Dataset,float32,"(12,)",12.0
TT41.BPM.412351_HF,Group,,,
Acquisition,Group,,,
horAvePos,Dataset,float32,"(1,)",1.0
horPos,Dataset,float32,"(12,)",12.0
posOK,Dataset,Unknown Type,"(0,)",0.0
sigma,Dataset,int32,"(12,)",12.0
sigmaAvePos,Dataset,float32,"(1,)",1.0
spsExtraction,Dataset,bool,(),1.0
spsExtractionIndex,Dataset,int32,"(1,)",1.0
verAvePos,Dataset,float32,"(1,)",1.0
verPos,Dataset,float32,"(12,)",12.0
TT41.BTV.412350,Group,,,
Acquisition,Group,,,
acqCounter,Dataset,int32,"(1,)",1.0
acqDesc,Dataset,|S7,"(1,)",1.0
acqMsg,Dataset,|S2,"(1,)",1.0
acqState,Dataset,int32,"(1,)",1.0
acqTime,Dataset,|S26,"(1,)",1.0
acqTimeInCycle,Dataset,float64,"(1,)",1.0
amplitudeSet1,Dataset,float64,"(1,)",1.0
amplitudeSet2,Dataset,float64,"(1,)",1.0
beamID,Dataset,int32,"(1,)",1.0
cameraOffset,Dataset,int16,"(1,)",1.0
cameraOffset_max,Dataset,int16,"(1,)",1.0
cameraOffset_min,Dataset,int16,"(1,)",1.0
cameraSwitch,Dataset,int32,"(1,)",1.0
cameraZoom,Dataset,int32,"(1,)",1.0
cycleTime,Dataset,|S26,"(1,)",1.0
descSet1,Dataset,|S21,"(1,)",1.0
descSet2,Dataset,|S19,"(1,)",1.0
deviceName,Dataset,|S15,"(1,)",1.0
filterSelect,Dataset,int32,"(1,)",1.0
filterSelectStr,Dataset,|S9,"(4,)",4.0
filterSelect_max,Dataset,int32,"(1,)",1.0
filterSelect_min,Dataset,int32,"(1,)",1.0
firstLamp,Dataset,int16,"(1,)",1.0
firstLamp_max,Dataset,int16,"(1,)",1.0
firstLamp_min,Dataset,int16,"(1,)",1.0
leftBottomReference,Dataset,int16,"(2,)",2.0
leftTopReference,Dataset,int16,"(2,)",2.0
mire,Dataset,int32,"(1,)",1.0
nbAcq,Dataset,int32,"(1,)",1.0
nbDataSets,Dataset,int32,"(1,)",1.0
nbGates,Dataset,int32,"(1,)",1.0
nbPtsPerProjInSet1,Dataset,int32,"(1,)",1.0
nbPtsPerProjInSet2,Dataset,int32,"(1,)",1.0
observables,Dataset,int32,"(1,)",1.0
offsetCalSet1,Dataset,float64,"(4,)",4.0
offsetCalSet2,Dataset,float64,"(4,)",4.0
offsetSet1,Dataset,float64,"(1, 1)",1.0
offsetSet2,Dataset,float64,"(1, 1)",1.0
pixelCalSet1,Dataset,float64,"(4,)",4.0
pixelCalSet2,Dataset,float64,"(4,)",4.0
planeSet1,Dataset,int32,"(1,)",1.0
planeSet2,Dataset,int32,"(1,)",1.0
positionSet1,Dataset,float64,"(1,)",1.0
positionSet2,Dataset,float64,"(1,)",1.0
projDataSet1,Dataset,float64,"(1, 400)",400.0
projDataSet2,Dataset,float64,"(1, 300)",300.0
projPositionSet1,Dataset,float64,"(1, 400)",400.0
projPositionSet2,Dataset,float64,"(1, 300)",300.0
propType,Dataset,int32,"(1,)",1.0
rightBottomReference,Dataset,int16,"(2,)",2.0
rightTopReference,Dataset,int16,"(2,)",2.0
saturationThreshold,Dataset,int16,"(1,)",1.0
screenSelect,Dataset,int32,"(1,)",1.0
screenSelectStr,Dataset,|S10,"(4,)",4.0
screenSelect_max,Dataset,int32,"(1,)",1.0
screenSelect_min,Dataset,int32,"(1,)",1.0
secondLamp,Dataset,int16,"(1,)",1.0
secondLamp_max,Dataset,int16,"(1,)",1.0
secondLamp_min,Dataset,int16,"(1,)",1.0
sigmaSet1,Dataset,float64,"(1,)",1.0
sigmaSet2,Dataset,float64,"(1,)",1.0
superCycleNb,Dataset,int32,"(1,)",1.0
tgSet1,Dataset,float64,"(1, 1)",1.0
tgSet2,Dataset,float64,"(1, 1)",1.0
userImageSelection,Dataset,Unknown Type,"(1,)",1.0
userImageSelectionNumber,Dataset,int16,"(1,)",1.0
videoGain,Dataset,int32,"(1,)",1.0
Image,Group,,,
acqCounter,Dataset,int32,"(1,)",1.0
acqDesc,Dataset,|S7,"(1,)",1.0
acqMsg,Dataset,|S2,"(1,)",1.0
acqState,Dataset,int32,"(1,)",1.0
acqTime,Dataset,|S26,"(1,)",1.0
acqTimeInCycle,Dataset,float64,"(1,)",1.0
amplitudeSet1,Dataset,float64,"(1,)",1.0
amplitudeSet2,Dataset,float64,"(1,)",1.0
beamID,Dataset,int32,"(1,)",1.0
cameraOffset,Dataset,int16,"(1,)",1.0
cameraOffset_max,Dataset,int16,"(1,)",1.0
cameraOffset_min,Dataset,int16,"(1,)",1.0
cameraSwitch,Dataset,int32,"(1,)",1.0
cameraZoom,Dataset,int32,"(1,)",1.0
cycleTime,Dataset,|S26,"(1,)",1.0
descSet1,Dataset,|S21,"(1,)",1.0
descSet2,Dataset,|S19,"(1,)",1.0
deviceName,Dataset,|S15,"(1,)",1.0
filterSelect,Dataset,int32,"(1,)",1.0
filterSelectStr,Dataset,|S9,"(4,)",4.0
filterSelect_max,Dataset,int32,"(1,)",1.0
filterSelect_min,Dataset,int32,"(1,)",1.0
firstLamp,Dataset,int16,"(1,)",1.0
firstLamp_max,Dataset,int16,"(1,)",1.0
firstLamp_min,Dataset,int16,"(1,)",1.0
imagePositionSet1,Dataset,float64,"(1, 400)",400.0
imagePositionSet1_unit,Dataset,|S2,"(1,)",1.0
imagePositionSet2,Dataset,float64,"(1, 300)",300.0
imagePositionSet2_unit,Dataset,|S2,"(1,)",1.0
imageSet,Dataset,int16,"(1, 120000)",120000.0
leftBottomReference,Dataset,int16,"(2,)",2.0
leftTopReference,Dataset,int16,"(2,)",2.0
mire,Dataset,int32,"(1,)",1.0
nbAcq,Dataset,int32,"(1,)",1.0
nbDataSets,Dataset,int32,"(1,)",1.0
nbImages,Dataset,int32,"(1,)",1.0
nbPtsInSet1,Dataset,int32,"(1,)",1.0
nbPtsInSet2,Dataset,int32,"(1,)",1.0
observables,Dataset,int32,"(1,)",1.0
offsetCalSet1,Dataset,float64,"(4,)",4.0
offsetCalSet2,Dataset,float64,"(4,)",4.0
pixelCalSet1,Dataset,float64,"(4,)",4.0
pixelCalSet2,Dataset,float64,"(4,)",4.0
planeSet1,Dataset,int32,"(1,)",1.0
planeSet2,Dataset,int32,"(1,)",1.0
positionSet1,Dataset,float64,"(1,)",1.0
positionSet2,Dataset,float64,"(1,)",1.0
propType,Dataset,int32,"(1,)",1.0
rightBottomReference,Dataset,int16,"(2,)",2.0
rightTopReference,Dataset,int16,"(2,)",2.0
saturationThreshold,Dataset,int16,"(1,)",1.0
screenSelect,Dataset,int32,"(1,)",1.0
screenSelectStr,Dataset,|S10,"(4,)",4.0
screenSelect_max,Dataset,int32,"(1,)",1.0
screenSelect_min,Dataset,int32,"(1,)",1.0
secondLamp,Dataset,int16,"(1,)",1.0
secondLamp_max,Dataset,int16,"(1,)",1.0
secondLamp_min,Dataset,int16,"(1,)",1.0
sigmaSet1,Dataset,float64,"(1,)",1.0
sigmaSet2,Dataset,float64,"(1,)",1.0
superCycleNb,Dataset,int32,"(1,)",1.0
userImageSelection,Dataset,Unknown Type,"(1,)",1.0
userImageSelectionNumber,Dataset,int16,"(1,)",1.0
videoGain,Dataset,int32,"(1,)",1.0
TT41.BTV.412350.STREAK,Group,,,
StreakImage,Dataset,|S105,(),1.0
TT41.BTV.412353,Group,,,
Acquisition,Group,,,
acqCounter,Dataset,int32,"(1,)",1.0
acqDesc,Dataset,|S7,"(1,)",1.0
acqMsg,Dataset,|S2,"(1,)",1.0
acqState,Dataset,int32,"(1,)",1.0
acqTime,Dataset,|S26,"(1,)",1.0
acqTimeInCycle,Dataset,float64,"(1,)",1.0
amplitudeSet1,Dataset,float64,"(1,)",1.0
amplitudeSet2,Dataset,float64,"(1,)",1.0
beamID,Dataset,int32,"(1,)",1.0
cameraOffset,Dataset,int16,"(1,)",1.0
cameraOffset_max,Dataset,int16,"(1,)",1.0
cameraOffset_min,Dataset,int16,"(1,)",1.0
cameraSwitch,Dataset,int32,"(1,)",1.0
cameraZoom,Dataset,int32,"(1,)",1.0
cycleTime,Dataset,|S26,"(1,)",1.0
descSet1,Dataset,|S21,"(1,)",1.0
descSet2,Dataset,|S19,"(1,)",1.0
deviceName,Dataset,|S15,"(1,)",1.0
filterSelect,Dataset,int32,"(1,)",1.0
filterSelectStr,Dataset,|S9,"(4,)",4.0
filterSelect_max,Dataset,int32,"(1,)",1.0
filterSelect_min,Dataset,int32,"(1,)",1.0
firstLamp,Dataset,int16,"(1,)",1.0
firstLamp_max,Dataset,int16,"(1,)",1.0
firstLamp_min,Dataset,int16,"(1,)",1.0
leftBottomReference,Dataset,int16,"(2,)",2.0
leftTopReference,Dataset,int16,"(2,)",2.0
mire,Dataset,int32,"(1,)",1.0
nbAcq,Dataset,int32,"(1,)",1.0
nbDataSets,Dataset,int32,"(1,)",1.0
nbGates,Dataset,int32,"(1,)",1.0
nbPtsPerProjInSet1,Dataset,int32,"(1,)",1.0
nbPtsPerProjInSet2,Dataset,int32,"(1,)",1.0
observables,Dataset,int32,"(1,)",1.0
offsetCalSet1,Dataset,float64,"(4,)",4.0
offsetCalSet2,Dataset,float64,"(4,)",4.0
offsetSet1,Dataset,float64,"(1, 1)",1.0
offsetSet2,Dataset,float64,"(1, 1)",1.0
pixelCalSet1,Dataset,float64,"(4,)",4.0
pixelCalSet2,Dataset,float64,"(4,)",4.0
planeSet1,Dataset,int32,"(1,)",1.0
planeSet2,Dataset,int32,"(1,)",1.0
positionSet1,Dataset,float64,"(1,)",1.0
positionSet2,Dataset,float64,"(1,)",1.0
projDataSet1,Dataset,float64,"(1, 400)",400.0
projDataSet2,Dataset,float64,"(1, 300)",300.0
projPositionSet1,Dataset,float64,"(1, 400)",400.0
projPositionSet2,Dataset,float64,"(1, 300)",300.0
propType,Dataset,int32,"(1,)",1.0
rightBottomReference,Dataset,int16,"(2,)",2.0
rightTopReference,Dataset,int16,"(2,)",2.0
saturationThreshold,Dataset,int16,"(1,)",1.0
screenSelect,Dataset,int32,"(1,)",1.0
screenSelectStr,Dataset,|S10,"(4,)",4.0
screenSelect_max,Dataset,int32,"(1,)",1.0
screenSelect_min,Dataset,int32,"(1,)",1.0
secondLamp,Dataset,int16,"(1,)",1.0
secondLamp_max,Dataset,int16,"(1,)",1.0
secondLamp_min,Dataset,int16,"(1,)",1.0
sigmaSet1,Dataset,float64,"(1,)",1.0
sigmaSet2,Dataset,float64,"(1,)",1.0
superCycleNb,Dataset,int32,"(1,)",1.0
tgSet1,Dataset,float64,"(1, 1)",1.0
tgSet2,Dataset,float64,"(1, 1)",1.0
userImageSelection,Dataset,Unknown Type,"(1,)",1.0
userImageSelectionNumber,Dataset,int16,"(1,)",1.0
videoGain,Dataset,int32,"(1,)",1.0
Image,Group,,,
acqCounter,Dataset,int32,"(1,)",1.0
acqDesc,Dataset,|S7,"(1,)",1.0
acqMsg,Dataset,|S2,"(1,)",1.0
acqState,Dataset,int32,"(1,)",1.0
acqTime,Dataset,|S26,"(1,)",1.0
acqTimeInCycle,Dataset,float64,"(1,)",1.0
amplitudeSet1,Dataset,float64,"(1,)",1.0
amplitudeSet2,Dataset,float64,"(1,)",1.0
beamID,Dataset,int32,"(1,)",1.0
cameraOffset,Dataset,int16,"(1,)",1.0
cameraOffset_max,Dataset,int16,"(1,)",1.0
cameraOffset_min,Dataset,int16,"(1,)",1.0
cameraSwitch,Dataset,int32,"(1,)",1.0
cameraZoom,Dataset,int32,"(1,)",1.0
cycleTime,Dataset,|S26,"(1,)",1.0
descSet1,Dataset,|S21,"(1,)",1.0
descSet2,Dataset,|S19,"(1,)",1.0
deviceName,Dataset,|S15,"(1,)",1.0
filterSelect,Dataset,int32,"(1,)",1.0
filterSelectStr,Dataset,|S9,"(4,)",4.0
filterSelect_max,Dataset,int32,"(1,)",1.0
filterSelect_min,Dataset,int32,"(1,)",1.0
firstLamp,Dataset,int16,"(1,)",1.0
firstLamp_max,Dataset,int16,"(1,)",1.0
firstLamp_min,Dataset,int16,"(1,)",1.0
imagePositionSet1,Dataset,float64,"(1, 400)",400.0
imagePositionSet1_unit,Dataset,|S2,"(1,)",1.0
imagePositionSet2,Dataset,float64,"(1, 300)",300.0
imagePositionSet2_unit,Dataset,|S2,"(1,)",1.0
imageSet,Dataset,int16,"(1, 120000)",120000.0
leftBottomReference,Dataset,int16,"(2,)",2.0
leftTopReference,Dataset,int16,"(2,)",2.0
mire,Dataset,int32,"(1,)",1.0
nbAcq,Dataset,int32,"(1,)",1.0
nbDataSets,Dataset,int32,"(1,)",1.0
nbImages,Dataset,int32,"(1,)",1.0
nbPtsInSet1,Dataset,int32,"(1,)",1.0
nbPtsInSet2,Dataset,int32,"(1,)",1.0
observables,Dataset,int32,"(1,)",1.0
offsetCalSet1,Dataset,float64,"(4,)",4.0
offsetCalSet2,Dataset,float64,"(4,)",4.0
pixelCalSet1,Dataset,float64,"(4,)",4.0
pixelCalSet2,Dataset,float64,"(4,)",4.0
planeSet1,Dataset,int32,"(1,)",1.0
planeSet2,Dataset,int32,"(1,)",1.0
positionSet1,Dataset,float64,"(1,)",1.0
positionSet2,Dataset,float64,"(1,)",1.0
propType,Dataset,int32,"(1,)",1.0
rightBottomReference,Dataset,int16,"(2,)",2.0
rightTopReference,Dataset,int16,"(2,)",2.0
saturationThreshold,Dataset,int16,"(1,)",1.0
screenSelect,Dataset,int32,"(1,)",1.0
screenSelectStr,Dataset,|S10,"(4,)",4.0
screenSelect_max,Dataset,int32,"(1,)",1.0
screenSelect_min,Dataset,int32,"(1,)",1.0
secondLamp,Dataset,int16,"(1,)",1.0
secondLamp_max,Dataset,int16,"(1,)",1.0
secondLamp_min,Dataset,int16,"(1,)",1.0
sigmaSet1,Dataset,float64,"(1,)",1.0
sigmaSet2,Dataset,float64,"(1,)",1.0
superCycleNb,Dataset,int32,"(1,)",1.0
userImageSelection,Dataset,Unknown Type,"(1,)",1.0
userImageSelectionNumber,Dataset,int16,"(1,)",1.0
videoGain,Dataset,int32,"(1,)",1.0
TT41.BTV.412426,Group,,,
Acquisition,Group,,,
acqCounter,Dataset,int32,"(1,)",1.0
acqDesc,Dataset,|S7,"(1,)",1.0
acqMsg,Dataset,|S2,"(1,)",1.0
acqState,Dataset,int32,"(1,)",1.0
acqTime,Dataset,|S26,"(1,)",1.0
acqTimeInCycle,Dataset,float64,"(1,)",1.0
amplitudeSet1,Dataset,float64,"(1,)",1.0
amplitudeSet2,Dataset,float64,"(1,)",1.0
beamID,Dataset,int32,"(1,)",1.0
cameraOffset,Dataset,int16,"(1,)",1.0
cameraOffset_max,Dataset,int16,"(1,)",1.0
cameraOffset_min,Dataset,int16,"(1,)",1.0
cameraSwitch,Dataset,int32,"(1,)",1.0
cameraZoom,Dataset,int32,"(1,)",1.0
cycleTime,Dataset,|S26,"(1,)",1.0
descSet1,Dataset,|S21,"(1,)",1.0
descSet2,Dataset,|S19,"(1,)",1.0
deviceName,Dataset,|S15,"(1,)",1.0
filterSelect,Dataset,int32,"(1,)",1.0
filterSelectStr,Dataset,|S9,"(4,)",4.0
filterSelect_max,Dataset,int32,"(1,)",1.0
filterSelect_min,Dataset,int32,"(1,)",1.0
firstLamp,Dataset,int16,"(1,)",1.0
firstLamp_max,Dataset,int16,"(1,)",1.0
firstLamp_min,Dataset,int16,"(1,)",1.0
leftBottomReference,Dataset,int16,"(2,)",2.0
leftTopReference,Dataset,int16,"(2,)",2.0
mire,Dataset,int32,"(1,)",1.0
nbAcq,Dataset,int32,"(1,)",1.0
nbDataSets,Dataset,int32,"(1,)",1.0
nbGates,Dataset,int32,"(1,)",1.0
nbPtsPerProjInSet1,Dataset,int32,"(1,)",1.0
nbPtsPerProjInSet2,Dataset,int32,"(1,)",1.0
observables,Dataset,int32,"(1,)",1.0
offsetCalSet1,Dataset,float64,"(4,)",4.0
offsetCalSet2,Dataset,float64,"(4,)",4.0
offsetSet1,Dataset,float64,"(1, 1)",1.0
offsetSet2,Dataset,float64,"(1, 1)",1.0
pixelCalSet1,Dataset,float64,"(4,)",4.0
pixelCalSet2,Dataset,float64,"(4,)",4.0
planeSet1,Dataset,int32,"(1,)",1.0
planeSet2,Dataset,int32,"(1,)",1.0
positionSet1,Dataset,float64,"(1,)",1.0
positionSet2,Dataset,float64,"(1,)",1.0
projDataSet1,Dataset,float64,"(1, 400)",400.0
projDataSet2,Dataset,float64,"(1, 300)",300.0
projPositionSet1,Dataset,float64,"(1, 400)",400.0
projPositionSet2,Dataset,float64,"(1, 300)",300.0
propType,Dataset,int32,"(1,)",1.0
rightBottomReference,Dataset,int16,"(2,)",2.0
rightTopReference,Dataset,int16,"(2,)",2.0
saturationThreshold,Dataset,int16,"(1,)",1.0
screenSelect,Dataset,int32,"(1,)",1.0
screenSelectStr,Dataset,|S10,"(4,)",4.0
screenSelect_max,Dataset,int32,"(1,)",1.0
screenSelect_min,Dataset,int32,"(1,)",1.0
secondLamp,Dataset,int16,"(1,)",1.0
secondLamp_max,Dataset,int16,"(1,)",1.0
secondLamp_min,Dataset,int16,"(1,)",1.0
sigmaSet1,Dataset,float64,"(1,)",1.0
sigmaSet2,Dataset,float64,"(1,)",1.0
superCycleNb,Dataset,int32,"(1,)",1.0
tgSet1,Dataset,float64,"(1, 1)",1.0
tgSet2,Dataset,float64,"(1, 1)",1.0
userImageSelection,Dataset,Unknown Type,"(1,)",1.0
userImageSelectionNumber,Dataset,int16,"(1,)",1.0
videoGain,Dataset,int32,"(1,)",1.0
Image,Group,,,
acqCounter,Dataset,int32,"(1,)",1.0
acqDesc,Dataset,|S7,"(1,)",1.0
acqMsg,Dataset,|S2,"(1,)",1.0
acqState,Dataset,int32,"(1,)",1.0
acqTime,Dataset,|S26,"(1,)",1.0
acqTimeInCycle,Dataset,float64,"(1,)",1.0
amplitudeSet1,Dataset,float64,"(1,)",1.0
amplitudeSet2,Dataset,float64,"(1,)",1.0
beamID,Dataset,int32,"(1,)",1.0
cameraOffset,Dataset,int16,"(1,)",1.0
cameraOffset_max,Dataset,int16,"(1,)",1.0
cameraOffset_min,Dataset,int16,"(1,)",1.0
cameraSwitch,Dataset,int32,"(1,)",1.0
cameraZoom,Dataset,int32,"(1,)",1.0
cycleTime,Dataset,|S26,"(1,)",1.0
descSet1,Dataset,|S21,"(1,)",1.0
descSet2,Dataset,|S19,"(1,)",1.0
deviceName,Dataset,|S15,"(1,)",1.0
filterSelect,Dataset,int32,"(1,)",1.0
filterSelectStr,Dataset,|S9,"(4,)",4.0
filterSelect_max,Dataset,int32,"(1,)",1.0
filterSelect_min,Dataset,int32,"(1,)",1.0
firstLamp,Dataset,int16,"(1,)",1.0
firstLamp_max,Dataset,int16,"(1,)",1.0
firstLamp_min,Dataset,int16,"(1,)",1.0
imagePositionSet1,Dataset,float64,"(1, 400)",400.0
imagePositionSet1_unit,Dataset,|S2,"(1,)",1.0
imagePositionSet2,Dataset,float64,"(1, 300)",300.0
imagePositionSet2_unit,Dataset,|S2,"(1,)",1.0
imageSet,Dataset,int16,"(1, 120000)",120000.0
leftBottomReference,Dataset,int16,"(2,)",2.0
leftTopReference,Dataset,int16,"(2,)",2.0
mire,Dataset,int32,"(1,)",1.0
nbAcq,Dataset,int32,"(1,)",1.0
nbDataSets,Dataset,int32,"(1,)",1.0
nbImages,Dataset,int32,"(1,)",1.0
nbPtsInSet1,Dataset,int32,"(1,)",1.0
nbPtsInSet2,Dataset,int32,"(1,)",1.0
observables,Dataset,int32,"(1,)",1.0
offsetCalSet1,Dataset,float64,"(4,)",4.0
offsetCalSet2,Dataset,float64,"(4,)",4.0
pixelCalSet1,Dataset,float64,"(4,)",4.0
pixelCalSet2,Dataset,float64,"(4,)",4.0
planeSet1,Dataset,int32,"(1,)",1.0
planeSet2,Dataset,int32,"(1,)",1.0
positionSet1,Dataset,float64,"(1,)",1.0
positionSet2,Dataset,float64,"(1,)",1.0
propType,Dataset,int32,"(1,)",1.0
rightBottomReference,Dataset,int16,"(2,)",2.0
rightTopReference,Dataset,int16,"(2,)",2.0
saturationThreshold,Dataset,int16,"(1,)",1.0
screenSelect,Dataset,int32,"(1,)",1.0
screenSelectStr,Dataset,|S10,"(4,)",4.0
screenSelect_max,Dataset,int32,"(1,)",1.0
screenSelect_min,Dataset,int32,"(1,)",1.0
secondLamp,Dataset,int16,"(1,)",1.0
secondLamp_max,Dataset,int16,"(1,)",1.0
secondLamp_min,Dataset,int16,"(1,)",1.0
sigmaSet1,Dataset,float64,"(1,)",1.0
sigmaSet2,Dataset,float64,"(1,)",1.0
superCycleNb,Dataset,int32,"(1,)",1.0
userImageSelection,Dataset,Unknown Type,"(1,)",1.0
userImageSelectionNumber,Dataset,int16,"(1,)",1.0
videoGain,Dataset,int32,"(1,)",1.0
TT41.BTV.412442,Group,,,
Acquisition,Dataset,|S98,(),1.0
Image,Dataset,|S92,(),1.0
TT43.BPM.430010,Group,,,
Acquisition,Group,,,
horAvePos,Dataset,float32,"(1,)",1.0
horPos,Dataset,float32,"(12,)",12.0
posOK,Dataset,Unknown Type,"(0,)",0.0
sigma,Dataset,int32,"(12,)",12.0
sigmaAvePos,Dataset,float32,"(1,)",1.0
spsExtraction,Dataset,bool,(),1.0
spsExtractionIndex,Dataset,int32,"(1,)",1.0
verAvePos,Dataset,float32,"(1,)",1.0
verPos,Dataset,float32,"(12,)",12.0
TT43.BPM.430028,Group,,,
Acquisition,Group,,,
horAvePos,Dataset,float32,"(1,)",1.0
horPos,Dataset,float32,"(12,)",12.0
posOK,Dataset,Unknown Type,"(0,)",0.0
sigma,Dataset,int32,"(12,)",12.0
sigmaAvePos,Dataset,float32,"(1,)",1.0
spsExtraction,Dataset,bool,(),1.0
spsExtractionIndex,Dataset,int32,"(1,)",1.0
verAvePos,Dataset,float32,"(1,)",1.0
verPos,Dataset,float32,"(12,)",12.0
TT43.BPM.430039,Group,,,
Acquisition,Group,,,
horAvePos,Dataset,float32,"(1,)",1.0
horPos,Dataset,float32,"(12,)",12.0
posOK,Dataset,Unknown Type,"(0,)",0.0
sigma,Dataset,int32,"(12,)",12.0
sigmaAvePos,Dataset,float32,"(1,)",1.0
spsExtraction,Dataset,bool,(),1.0
spsExtractionIndex,Dataset,int32,"(1,)",1.0
verAvePos,Dataset,float32,"(1,)",1.0
verPos,Dataset,float32,"(12,)",12.0
TT43.BPM.430103,Group,,,
Acquisition,Group,,,
horAvePos,Dataset,float32,"(1,)",1.0
horPos,Dataset,float32,"(12,)",12.0
posOK,Dataset,Unknown Type,"(0,)",0.0
sigma,Dataset,int32,"(12,)",12.0
sigmaAvePos,Dataset,float32,"(1,)",1.0
spsExtraction,Dataset,bool,(),1.0
spsExtractionIndex,Dataset,int32,"(1,)",1.0
verAvePos,Dataset,float32,"(1,)",1.0
verPos,Dataset,float32,"(12,)",12.0
TT43.BPM.430129,Group,,,
Acquisition,Group,,,
horAvePos,Dataset,float32,"(1,)",1.0
horPos,Dataset,float32,"(12,)",12.0
posOK,Dataset,Unknown Type,"(0,)",0.0
sigma,Dataset,int32,"(12,)",12.0
sigmaAvePos,Dataset,float32,"(1,)",1.0
spsExtraction,Dataset,bool,(),1.0
spsExtractionIndex,Dataset,int32,"(1,)",1.0
verAvePos,Dataset,float32,"(1,)",1.0
verPos,Dataset,float32,"(12,)",12.0
TT43.BPM.430203,Group,,,
Acquisition,Group,,,
horAvePos,Dataset,float32,"(1,)",1.0
horPos,Dataset,float32,"(12,)",12.0
posOK,Dataset,Unknown Type,"(0,)",0.0
sigma,Dataset,int32,"(12,)",12.0
sigmaAvePos,Dataset,float32,"(1,)",1.0
spsExtraction,Dataset,bool,(),1.0
spsExtractionIndex,Dataset,int32,"(1,)",1.0
verAvePos,Dataset,float32,"(1,)",1.0
verPos,Dataset,float32,"(12,)",12.0
TT43.BPM.430308,Group,,,
Acquisition,Group,,,
horAvePos,Dataset,float32,"(1,)",1.0
horPos,Dataset,float32,"(12,)",12.0
posOK,Dataset,Unknown Type,"(0,)",0.0
sigma,Dataset,int32,"(12,)",12.0
sigmaAvePos,Dataset,float32,"(1,)",1.0
spsExtraction,Dataset,bool,(),1.0
spsExtractionIndex,Dataset,int32,"(1,)",1.0
verAvePos,Dataset,float32,"(1,)",1.0
verPos,Dataset,float32,"(12,)",12.0
VGP.412400,Group,,,
PR,Group,,,
value,Dataset,float32,"(1,)",1.0
VGP.412423,Group,,,
PR,Group,,,
value,Dataset,float32,"(1,)",1.0
VTUAwake2Fc,Group,,,
ModeAcq,Group,,,
pdcOutDelay,Dataset,int16,"(1,)",1.0
NormalModeAcq,Group,,,
b_offline,Dataset,int64,"(1,)",1.0
VTUAwake2Frep,Group,,,
ModeAcq,Group,,,
pdcOutDelay,Dataset,int16,"(1,)",1.0
NormalModeAcq,Group,,,
b_offline,Dataset,int64,"(1,)",1.0
VTUAwake3FT0,Group,,,
ModeAcq,Group,,,
pdcOutDelay,Dataset,int16,"(1,)",1.0
NormalModeAcq,Group,,,
b_offline,Dataset,int64,"(1,)",1.0
VTUAwake3FT1,Group,,,
ModeAcq,Group,,,
pdcOutDelay,Dataset,int16,"(1,)",1.0
NormalModeAcq,Group,,,
b_offline,Dataset,int64,"(1,)",1.0
VVGF.412400,Group,,,
StartCounterSt,Group,,,
value,Dataset,int32,"(1,)",1.0
State,Group,,,
value,Dataset,int16,"(1,)",1.0
VVGF.412423,Group,,,
StartCounterSt,Group,,,
value,Dataset,int32,"(1,)",1.0
State,Group,,,
value,Dataset,int16,"(1,)",1.0
XMPP-STREAK,Group,,,
StreakImage,Group,,,
streakImageBinning,Dataset,|S5,"(1,)",1.0
streakImageData,Dataset,int32,"(344064,)",344064.0
streakImageExposureTime,Dataset,|S5,"(1,)",1.0
streakImageHeight,Dataset,int64,"(1,)",1.0
streakImageInfo,Dataset,|S2768,"(1,)",1.0
streakImageMcpGain,Dataset,int64,"(1,)",1.0
streakImageMode,Dataset,|S7,"(1,)",1.0
streakImageProjection,Dataset,float32,"(512,)",512.0
streakImageTime,Dataset,|S12,"(1,)",1.0
streakImageTimeRange,Dataset,|S4,"(1,)",1.0
streakImageTimeValues,Dataset,float64,"(512,)",512.0
streakImageTrigLevel,Dataset,float32,"(1,)",1.0
streakImageWidth,Dataset,int64,"(1,)",1.0
XUCL-SPECTRO,Group,,,
BinningSetting,Group,,,
hbin,Dataset,int32,"(1,)",1.0
hend,Dataset,int32,"(1,)",1.0
hstart,Dataset,int32,"(1,)",1.0
readMode,Dataset,int32,"(1,)",1.0
vbin,Dataset,int32,"(1,)",1.0
vend,Dataset,int32,"(1,)",1.0
vstart,Dataset,int32,"(1,)",1.0
CameraAcq,Dataset,|S93,(),1.0
CameraSettings,Group,,,
ddgGateDelay,Dataset,int64,"(1,)",1.0
ddgGateDelay_max,Dataset,int64,"(1,)",1.0
ddgGateDelay_min,Dataset,int64,"(1,)",1.0
ddgGateWidth,Dataset,int64,"(1,)",1.0
ddgGateWidth_max,Dataset,int64,"(1,)",1.0
ddgGateWidth_min,Dataset,int64,"(1,)",1.0
enableDDGIntelligate,Dataset,bool,(),1.0
enableFan,Dataset,bool,(),1.0
enableFastTrigger,Dataset,bool,(),1.0
exposureTime,Dataset,float32,"(1,)",1.0
mcpGain,Dataset,int32,"(1,)",1.0
mcpGain_max,Dataset,int32,"(1,)",1.0
mcpGain_min,Dataset,int32,"(1,)",1.0
preampGainIndex,Dataset,int32,"(1,)",1.0
preampGainIndex_max,Dataset,int32,"(1,)",1.0
preampGainIndex_min,Dataset,int32,"(1,)",1.0
targetShutDownTemperature,Dataset,int32,"(1,)",1.0
targetShutDownTemperature_max,Dataset,int32,"(1,)",1.0
targetShutDownTemperature_min,Dataset,int32,"(1,)",1.0
targetTemperature,Dataset,int32,"(1,)",1.0
targetTemperature_max,Dataset,int32,"(1,)",1.0
targetTemperature_min,Dataset,int32,"(1,)",1.0
triggerEdge,Dataset,int32,"(1,)",1.0
triggerTermination,Dataset,bool,(),1.0
triggerThreshold,Dataset,float32,"(1,)",1.0
CameraSettingsStatus,Dataset,|S104,(),1.0
ImageAcq,Dataset,|S92,(),1.0
awake.XAWAVS_BEAML_TT_AVG,Group,,,
PosSt,Group,,,
value,Dataset,float64,"(1,)",1.0
awake.XAWAVS_DE_TT_AVG,Group,,,
PosSt,Group,,,
value,Dataset,float64,"(1,)",1.0
awake.XAWAVS_DF_TT_AVG,Group,,,
PosSt,Group,,,
value,Dataset,float64,"(1,)",1.0
awake.XAWAVS_DJ_PV236,Group,,,
StsReg01,Group,,,
value,Dataset,int32,"(1,)",1.0
awake.XAWAVS_UE_TT_AVG,Group,,,
PosSt,Group,,,
value,Dataset,float64,"(1,)",1.0
awake.XAWAVS_UF_TT_AVG,Group,,,
PosSt,Group,,,
value,Dataset,float64,"(1,)",1.0
awake.XAWAVS_UJ_PV136,Group,,,
StsReg01,Group,,,
value,Dataset,int32,"(1,)",1.0
awake.XAWAVS_VX_TT_AVG,Group,,,
PosSt,Group,,,
value,Dataset,float64,"(1,)",1.0
AwakeEventInfo,Group,,,
configurationVersionNumber,Dataset,int32,(),1.0
eventNumber,Dataset,int32,(),1.0
runNumber,Dataset,int32,(),1.0
timestamp,Dataset,int64,(),1.0
__DATA_TYPES__,Group,,,
